SOURCE_ID;PAYMENT_METHOD_TYPE;TRANSACTION_TYPE;TRANSACTION_AMOUNT;TRANSACTION_DATE;FEE_AMOUNT;SETTLEMENT_DATE;REAL_AMOUNT;TAXES_AMOUNT;BUSINESS_UNIT;SUB_UNIT;MONEY_RELEASE_DATE
132079209492;credit_card;SETTLEMENT;32232.51;2025-11-01T10:31:07.000-03:00;-11702.46;2025-11-01T10:31:17.000-03:00;20046.56;-483.49;Mercado Libre; ;2025-11-29T10:31:11.000-03:00
132100968732;bank_transfer;SETTLEMENT;27490.99;2025-11-01T13:08:12.000-03:00;-12175.85;2025-11-01T13:08:33.000-03:00;15315.14;0.00;Mercado Libre; ;2025-11-29T13:08:23.000-03:00
132112234356;credit_card;SETTLEMENT;40308.69;2025-11-01T14:38:39.000-03:00;-23765.28;2025-11-01T14:38:50.000-03:00;16543.41;0.00;Mercado Libre; ;2025-11-29T14:38:41.000-03:00
132124355848;available_money;SETTLEMENT_SHIPPING;9832.79;2025-11-01T16:32:27.000-03:00;0.00;2025-11-01T16:32:34.000-03:00;9685.30;-147.49;Mercado Libre; ;2025-11-29T16:32:27.000-03:00
132124363662;available_money;SETTLEMENT;13436.80;2025-11-01T16:32:27.000-03:00;-3278.11;2025-11-01T16:32:35.000-03:00;124.35;-201.55;Mercado Libre; ;2025-11-29T16:32:27.000-03:00
131540947893;debit_card;SETTLEMENT;17320.87;2025-11-01T18:32:48.000-03:00;-5088.39;2025-11-01T18:33:00.000-03:00;11972.67;-259.81;Mercado Libre; ;2025-11-29T18:32:51.000-03:00
131558840521;available_money;SETTLEMENT;13436.80;2025-11-01T20:48:23.000-03:00;-3278.11;2025-11-01T20:48:31.000-03:00;10158.69;0.00;Mercado Libre; ;2025-11-29T20:48:23.000-03:00
131569093845;available_money;SETTLEMENT;34414.49;2025-11-01T22:18:45.000-03:00;-14324.81;2025-11-01T22:18:53.000-03:00;19573.46;-516.22;Mercado Libre; ;2025-11-29T22:18:45.000-03:00
132169581172;available_money;SETTLEMENT;30170.36;2025-11-01T22:47:36.000-03:00;-12653.34;2025-11-01T22:47:43.000-03:00;17064.46;-452.56;Mercado Libre; ;2025-11-29T22:47:36.000-03:00
132186283062;available_money;SETTLEMENT;10903.68;2025-11-02T06:45:33.000-03:00;-2870.32;2025-11-02T06:45:39.000-03:00;7869.80;-163.56;Mercado Libre; ;2025-11-30T06:45:33.000-03:00
131588570259;credit_card;SETTLEMENT;29555.26;2025-11-02T06:50:23.000-03:00;-15618.09;2025-11-02T06:50:34.000-03:00;13493.84;-443.33;Mercado Libre; ;2025-11-30T06:50:25.000-03:00
131593527181;available_money;SETTLEMENT;54587.00;2025-11-02T09:23:36.000-03:00;-14407.64;2025-11-02T09:23:45.000-03:00;39360.55;-818.81;Mercado Libre; ;2025-11-30T09:23:37.000-03:00
131593811141;available_money;SETTLEMENT;41990.00;2025-11-02T09:29:05.000-03:00;-11359.72;2025-11-02T09:29:11.000-03:00;27690.98;-2939.30;Mercado Libre; ;2025-11-30T09:29:06.000-03:00
131598437481;available_money;SETTLEMENT;34208.29;2025-11-02T10:34:41.000-03:00;-14118.61;2025-11-02T10:34:51.000-03:00;19576.56;-513.12;Mercado Libre; ;2025-11-30T10:34:41.000-03:00
132197049262;available_money;SETTLEMENT;33343.37;2025-11-02T10:42:42.000-03:00;-10750.75;2025-11-02T10:42:51.000-03:00;22092.47;-500.15;Mercado Libre; ;2025-11-30T10:42:42.000-03:00
131613703365;digital_currency;SETTLEMENT;30139.27;2025-11-02T13:03:33.000-03:00;-11582.95;2025-11-02T13:03:45.000-03:00;18104.23;-452.09;Mercado Libre; ;2025-11-30T13:03:34.000-03:00
132211953552;available_money;SETTLEMENT;55636.74;2025-11-02T13:06:03.000-03:00;-14013.20;2025-11-02T13:06:10.000-03:00;37288.99;-834.55;Mercado Libre; ;2025-11-30T13:06:04.000-03:00
132214271144;available_money;SETTLEMENT;33343.37;2025-11-02T13:27:38.000-03:00;-10750.75;2025-11-02T13:27:48.000-03:00;20258.58;-2334.04;Mercado Libre; ;2025-11-30T13:27:39.000-03:00
131626928945;available_money;SETTLEMENT;17320.87;2025-11-02T15:33:49.000-03:00;-5088.39;2025-11-02T15:34:03.000-03:00;11972.67;-259.81;Mercado Libre; ;2025-11-30T15:33:50.000-03:00
131626928945;available_money;REFUND;-17320.87;2025-11-02T15:33:49.000-03:00;5088.39;2025-11-02T17:30:58.000-03:00;-11972.67;259.81;Mercado Libre; ;2025-11-02T17:30:57.000-03:00
131636201329;available_money;SETTLEMENT;17320.87;2025-11-02T17:31:40.000-03:00;-5088.39;2025-11-02T17:31:54.000-03:00;11972.67;-259.81;Mercado Libre; ;2025-11-30T17:31:41.000-03:00
131639060489;credit_card;SETTLEMENT;35290.76;2025-11-02T18:07:13.000-03:00;-14760.71;2025-11-02T18:07:26.000-03:00;20000.69;-529.36;Mercado Libre; ;2025-11-30T18:07:15.000-03:00
132250615150;debit_card;SETTLEMENT;36667.67;2025-11-02T20:27:21.000-03:00;-19393.59;2025-11-02T20:28:06.000-03:00;17274.08;0.00;Mercado Libre; ;2025-11-30T20:27:24.000-03:00
132258272004;available_money;SETTLEMENT;35563.96;2025-11-02T21:48:44.000-03:00;-19020.55;2025-11-02T21:48:56.000-03:00;16009.95;-533.46;Mercado Libre; ;2025-11-30T21:48:44.000-03:00
131671060559;credit_card;SETTLEMENT;20762.30;2025-11-03T00:49:03.000-03:00;-13184.16;2025-11-03T00:49:19.000-03:00;7266.71;-311.43;Mercado Libre; ;2025-12-01T00:49:06.000-03:00
132269693764;available_money;SETTLEMENT;12177.10;2025-11-03T01:03:10.000-03:00;-3075.32;2025-11-03T01:03:18.000-03:00;9101.78;0.00;Mercado Libre; ;2025-12-01T01:03:11.000-03:00
132270073076;available_money;SETTLEMENT;15455.55;2025-11-03T01:10:13.000-03:00;-4788.10;2025-11-03T01:10:58.000-03:00;10435.62;-231.83;Mercado Libre; ;2025-12-01T01:10:14.000-03:00
132274655766;credit_card;SETTLEMENT;30655.19;2025-11-03T03:25:41.000-03:00;-12521.63;2025-11-03T03:25:52.000-03:00;18133.56;0.00;Mercado Libre; ;2025-12-01T03:25:45.000-03:00
1735669038406; ;SETTLEMENT;44.49;2025-11-03T05:01:44.000-03:00;0.00;2025-11-03T05:01:44.000-03:00;44.49;0.00;;;
132279801442;available_money;SETTLEMENT;51321.30;2025-11-03T05:10:13.000-03:00;-15161.91;2025-11-03T05:10:20.000-03:00;36159.39;0.00;Mercado Libre; ;2025-12-01T05:10:14.000-03:00
131702640525;available_money;SETTLEMENT;21441.01;2025-11-03T09:43:22.000-03:00;-12076.69;2025-11-03T09:43:28.000-03:00;9042.70;-321.62;Mercado Libre; ;2025-12-01T09:43:23.000-03:00
132302471176;available_money;SETTLEMENT;25823.34;2025-11-03T09:55:49.000-03:00;-6387.16;2025-11-03T09:55:56.000-03:00;19436.18;0.00;Mercado Libre; ;2025-12-01T09:55:50.000-03:00
132304597046;available_money;SETTLEMENT;30600.19;2025-11-03T10:12:42.000-03:00;-12466.63;2025-11-03T10:12:49.000-03:00;18133.56;0.00;Mercado Libre; ;2025-12-01T10:12:43.000-03:00
131712737585;available_money;SETTLEMENT;89257.65;2025-11-03T11:05:50.000-03:00;-22799.07;2025-11-03T11:06:02.000-03:00;65119.72;-1338.86;Mercado Libre; ;2025-12-01T11:05:51.000-03:00
131713966463;available_money;SETTLEMENT;57858.48;2025-11-03T11:13:10.000-03:00;-14934.30;2025-11-03T11:13:19.000-03:00;42056.30;-867.88;Mercado Libre; ;2025-12-01T11:13:11.000-03:00
132314691364;available_money;SETTLEMENT;48708.40;2025-11-03T11:31:21.000-03:00;-12301.28;2025-11-03T11:31:33.000-03:00;35676.49;-730.63;Mercado Libre; ;2025-12-01T11:31:22.000-03:00
131716456765;credit_card;SETTLEMENT;46391.30;2025-11-03T11:32:49.000-03:00;-12851.26;2025-11-03T11:32:59.000-03:00;32844.17;-695.87;Mercado Libre; ;2025-12-01T11:32:50.000-03:00
131727162081;available_money;SETTLEMENT;33177.49;2025-11-03T12:50:51.000-03:00;-11024.63;2025-11-03T12:51:03.000-03:00;22152.86;0.00;Mercado Libre; ;2025-12-01T12:50:52.000-03:00
132336930334;available_money;SETTLEMENT;17693.77;2025-11-03T14:20:45.000-03:00;-5148.42;2025-11-03T14:20:57.000-03:00;12279.94;-265.41;Mercado Libre; ;2025-12-01T14:20:45.000-03:00
132336703734;debit_card;SETTLEMENT;37561.67;2025-11-03T14:20:48.000-03:00;-11869.83;2025-11-03T14:21:01.000-03:00;25128.41;-563.43;Mercado Libre; ;2025-12-01T14:20:51.000-03:00
131741378673;prepaid_card;SETTLEMENT;31713.54;2025-11-03T14:47:40.000-03:00;-13187.03;2025-11-03T14:47:51.000-03:00;18050.81;-475.70;Mercado Libre; ;2025-12-01T14:47:42.000-03:00
132342994082;available_money;SETTLEMENT;30655.19;2025-11-03T15:18:38.000-03:00;-12521.63;2025-11-03T15:18:45.000-03:00;17673.73;-459.83;Mercado Libre; ;2025-12-01T15:18:39.000-03:00
132345508210; ;PAYOUTS;-252500.00;2025-11-03T15:38:59.000-03:00;0.00;2025-11-03T15:38:59.000-03:00;-252500.00;0.00;;;
131746546745; ;PAYOUTS;-252500.00;2025-11-03T15:40:04.000-03:00;0.00;2025-11-03T15:40:04.000-03:00;-252500.00;0.00;;;
131747220713;available_money;SETTLEMENT;131631.00;2025-11-03T15:40:59.000-03:00;-30546.01;2025-11-03T15:41:44.000-03:00;101084.99;0.00;Mercado Libre; ;2025-12-01T15:41:00.000-03:00
132346196712;available_money;SETTLEMENT_SHIPPING;13600.99;2025-11-03T15:45:23.000-03:00;0.00;2025-11-03T15:45:35.000-03:00;13396.98;-204.01;Mercado Libre; ;2025-11-03T15:50:22.000-03:00
131747834183;available_money;SETTLEMENT;9348.26;2025-11-03T15:45:23.000-03:00;-3734.92;2025-11-03T15:45:37.000-03:00;-8127.87;-140.22;Mercado Libre; ;2025-12-01T15:45:23.000-03:00
131748937887;available_money;SETTLEMENT;24354.20;2025-11-03T15:57:15.000-03:00;-6220.64;2025-11-03T15:57:25.000-03:00;17768.25;-365.31;Mercado Libre; ;2025-12-01T15:57:15.000-03:00
131749525505;available_money;SETTLEMENT;11783.04;2025-11-03T16:02:14.000-03:00;-3011.88;2025-11-03T16:02:30.000-03:00;7946.35;-824.81;Mercado Libre; ;2025-12-01T16:02:15.000-03:00
132348214216;available_money;SETTLEMENT_SHIPPING;1003.66;2025-11-03T16:02:16.000-03:00;0.00;2025-11-03T16:02:31.000-03:00;933.40;-70.26;Mercado Libre; ;2025-12-01T16:02:16.000-03:00
132361034890;available_money;SETTLEMENT;15455.55;2025-11-03T17:46:41.000-03:00;-4788.10;2025-11-03T17:46:47.000-03:00;10435.62;-231.83;Mercado Libre; ;2025-12-01T17:46:42.000-03:00
132362666382;debit_card;SETTLEMENT;36643.54;2025-11-03T17:57:40.000-03:00;-14490.68;2025-11-03T17:57:54.000-03:00;21603.21;-549.65;Mercado Libre; ;2025-12-01T17:57:42.000-03:00
132365869212;available_money;SETTLEMENT;15455.55;2025-11-03T18:21:02.000-03:00;-4788.10;2025-11-03T18:21:17.000-03:00;10667.45;0.00;Mercado Libre; ;2025-12-01T18:21:03.000-03:00
131768030005;available_money;SETTLEMENT;48708.40;2025-11-03T18:26:48.000-03:00;-12441.28;2025-11-03T18:27:00.000-03:00;35536.49;-730.63;Mercado Libre; ;2025-12-01T18:26:49.000-03:00
131770069355;available_money;SETTLEMENT;25302.74;2025-11-03T18:39:42.000-03:00;-9346.97;2025-11-03T18:39:52.000-03:00;14184.58;-1771.19;Mercado Libre; ;2025-12-01T18:39:43.000-03:00
132386163360;credit_card;SETTLEMENT;37561.67;2025-11-03T20:47:28.000-03:00;-11869.83;2025-11-03T20:47:38.000-03:00;25128.41;-563.43;Mercado Libre; ;2025-12-01T20:47:30.000-03:00
132390778004;available_money;SETTLEMENT;48708.40;2025-11-03T21:27:33.000-03:00;-11877.84;2025-11-03T21:27:45.000-03:00;33330.56;0.00;Mercado Libre; ;2025-12-01T21:27:33.000-03:00
132402754760;available_money;SETTLEMENT;24354.20;2025-11-03T23:58:15.000-03:00;-6220.64;2025-11-03T23:58:33.000-03:00;17768.25;-365.31;Mercado Libre; ;2025-12-01T23:58:16.000-03:00
132404384426;available_money;SETTLEMENT_SHIPPING;471.16;2025-11-04T00:32:08.000-03:00;0.00;2025-11-04T00:32:12.000-03:00;464.09;-7.07;Mercado Libre; ;2025-12-02T00:32:09.000-03:00
131805569821;available_money;SETTLEMENT;22480.80;2025-11-04T00:32:05.000-03:00;-5849.06;2025-11-04T00:32:18.000-03:00;15823.37;-337.21;Mercado Libre; ;2025-12-02T00:32:06.000-03:00
132406616394;available_money;SETTLEMENT;25823.34;2025-11-04T01:31:47.000-03:00;-6387.16;2025-11-04T01:31:58.000-03:00;19436.18;0.00;Mercado Libre; ;2025-12-02T01:31:47.000-03:00
131811787585;available_money;SETTLEMENT;48708.40;2025-11-04T03:24:02.000-03:00;-12441.28;2025-11-04T03:24:09.000-03:00;35536.49;-730.63;Mercado Libre; ;2025-12-02T03:24:03.000-03:00
1735740603174; ;SETTLEMENT;12.65;2025-11-04T05:47:16.000-03:00;0.00;2025-11-04T05:47:16.000-03:00;12.65;0.00;;;
132424555254;available_money;SETTLEMENT;75123.34;2025-11-04T07:34:11.000-03:00;-23739.67;2025-11-04T07:34:52.000-03:00;50256.82;-1126.85;Mercado Libre; ;2025-12-02T07:34:12.000-03:00
131835241809;available_money;SETTLEMENT;42568.30;2025-11-04T09:20:30.000-03:00;-14848.82;2025-11-04T09:20:37.000-03:00;27080.96;-638.52;Mercado Libre; ;2025-12-02T09:20:30.000-03:00
132434864746;available_money;SETTLEMENT;36531.30;2025-11-04T09:27:48.000-03:00;-9225.96;2025-11-04T09:27:56.000-03:00;22819.20;-547.97;Mercado Libre; ;2025-12-02T09:27:49.000-03:00
131836174911;available_money;SETTLEMENT_SHIPPING;3938.17;2025-11-04T09:27:49.000-03:00;0.00;2025-11-04T09:27:57.000-03:00;3879.10;-59.07;Mercado Libre; ;2025-12-02T09:27:49.000-03:00
131838102957;digital_currency;SETTLEMENT;25329.49;2025-11-04T09:45:07.000-03:00;-11125.46;2025-11-04T09:45:17.000-03:00;14204.03;0.00;Mercado Libre; ;2025-12-02T09:45:08.000-03:00
131841757397;available_money;SETTLEMENT_SHIPPING;9970.99;2025-11-04T10:15:20.000-03:00;0.00;2025-11-04T10:15:24.000-03:00;9821.43;-149.56;Mercado Libre; ;2025-12-02T10:15:20.000-03:00
132440482936;available_money;SETTLEMENT;24354.20;2025-11-04T10:15:19.000-03:00;-6150.64;2025-11-04T10:15:28.000-03:00;7867.26;-365.31;Mercado Libre; ;2025-12-02T10:15:20.000-03:00
132451708974;available_money;SETTLEMENT_SHIPPING;4459.64;2025-11-04T11:47:30.000-03:00;0.00;2025-11-04T11:47:42.000-03:00;4392.75;-66.89;Mercado Libre; ;2025-12-02T11:47:30.000-03:00
132451693020;available_money;SETTLEMENT;18734.00;2025-11-04T11:47:29.000-03:00;-5315.88;2025-11-04T11:47:42.000-03:00;8677.47;-281.01;Mercado Libre; ;2025-12-02T11:47:30.000-03:00
132464803200;available_money;SETTLEMENT;-5000.00;2025-11-04T13:22:22.000-03:00;0.00;2025-11-04T13:22:22.000-03:00;-5000.00;0.00;;;2025-11-04T13:22:22.000-03:00
131866125119;available_money;SETTLEMENT;48708.40;2025-11-04T13:26:55.000-03:00;-12441.28;2025-11-04T13:27:06.000-03:00;35536.49;-730.63;Mercado Libre; ;2025-12-02T13:26:56.000-03:00
132476454802;debit_card;SETTLEMENT;38085.23;2025-11-04T15:07:37.000-03:00;-16623.14;2025-11-04T15:07:46.000-03:00;20890.81;-571.28;Mercado Libre; ;2025-12-02T15:07:39.000-03:00
131879139935;available_money;SETTLEMENT;31200.99;2025-11-04T15:27:44.000-03:00;-13067.43;2025-11-04T15:27:52.000-03:00;18133.56;0.00;Mercado Libre; ;2025-12-02T15:27:44.000-03:00
131879485693;available_money;SETTLEMENT;115774.36;2025-11-04T15:30:41.000-03:00;-50166.95;2025-11-04T15:30:52.000-03:00;65607.41;0.00;Mercado Libre; ;2025-12-02T15:30:42.000-03:00
132483124144;credit_card;SETTLEMENT;18983.09;2025-11-04T16:08:58.000-03:00;-9881.31;2025-11-04T16:09:12.000-03:00;9101.78;0.00;Mercado Libre; ;2025-12-02T16:09:00.000-03:00
132483703448;digital_currency;SETTLEMENT;19633.09;2025-11-04T16:15:28.000-03:00;-10531.31;2025-11-04T16:15:37.000-03:00;8807.28;-294.50;Mercado Libre; ;2025-12-02T16:15:29.000-03:00
132482413736;ticket;SETTLEMENT;39978.36;2025-11-04T16:04:55.000-03:00;-12258.88;2025-11-04T16:55:15.000-03:00;27119.80;-599.68;Mercado Libre; ;2025-12-02T16:55:02.000-03:00
132492704936;credit_card;SETTLEMENT;37561.67;2025-11-04T17:29:04.000-03:00;-11869.83;2025-11-04T17:29:15.000-03:00;25128.41;-563.43;Mercado Libre; ;2025-12-02T17:29:05.000-03:00
132499466034;available_money;SETTLEMENT;44739.75;2025-11-04T18:19:48.000-03:00;-16557.88;2025-11-04T18:19:56.000-03:00;28181.87;0.00;Mercado Libre; ;2025-12-02T18:19:49.000-03:00
132508563726;digital_currency;SETTLEMENT;15455.55;2025-11-04T19:24:30.000-03:00;-4788.10;2025-11-04T19:24:41.000-03:00;10435.62;-231.83;Mercado Libre; ;2025-12-02T19:24:31.000-03:00
132509665950;credit_card;SETTLEMENT;35841.10;2025-11-04T19:32:58.000-03:00;-12330.34;2025-11-04T19:33:13.000-03:00;23510.76;0.00;Mercado Libre; ;2025-12-02T19:32:59.000-03:00
131918033419;available_money;SETTLEMENT;24354.20;2025-11-04T20:31:01.000-03:00;-6220.64;2025-11-04T20:31:14.000-03:00;17768.25;-365.31;Mercado Libre; ;2025-12-02T20:31:02.000-03:00
131923895047;debit_card;SETTLEMENT;37561.67;2025-11-04T21:19:05.000-03:00;-11869.83;2025-11-04T21:19:21.000-03:00;25128.41;-563.43;Mercado Libre; ;2025-12-02T21:19:09.000-03:00
132534277360;available_money;SETTLEMENT;34213.42;2025-11-04T23:22:51.000-03:00;-10107.82;2025-11-04T23:23:00.000-03:00;23592.40;-513.20;Mercado Libre; ;2025-12-02T23:22:51.000-03:00
131935643439;bank_transfer;SETTLEMENT;43581.20;2025-11-04T23:36:28.000-03:00;-12398.88;2025-11-04T23:36:48.000-03:00;30528.60;-653.72;Mercado Libre; ;2025-12-02T23:36:40.000-03:00
132538357798;credit_card;SETTLEMENT;11000.00;2025-11-05T00:44:21.000-03:00;-2885.83;2025-11-05T00:44:28.000-03:00;7344.17;-770.00;Mercado Libre; ;2025-12-03T00:44:22.000-03:00
131943419061;credit_card;SETTLEMENT;27629.91;2025-11-05T02:35:26.000-03:00;-25652.13;2025-11-05T02:40:00.000-03:00;1563.33;-414.45;Mercado Libre; ;2025-12-03T02:35:27.000-03:00
1735779412855; ;SETTLEMENT;208.61;2025-11-05T02:49:24.000-03:00;0.00;2025-11-05T02:49:24.000-03:00;208.61;0.00;;;
132550297538;available_money;SETTLEMENT;101264.86;2025-11-05T05:23:00.000-03:00;-38963.65;2025-11-05T05:23:11.000-03:00;62301.21;0.00;Mercado Libre; ;2025-12-03T05:23:00.000-03:00
132336703734; ;DISPUTE;-37561.67;2025-11-05T06:23:25.000-03:00;11869.83;2025-11-05T06:23:25.000-03:00;0.00;563.43;Mercado Libre; ;
131960539201;available_money;SETTLEMENT;76809.40;2025-11-05T07:48:29.000-03:00;-23131.09;2025-11-05T07:48:35.000-03:00;52526.17;-1152.14;Mercado Libre; ;2025-12-03T07:48:30.000-03:00
131970715607;available_money;SETTLEMENT;38735.01;2025-11-05T09:32:42.000-03:00;-9580.74;2025-11-05T09:33:11.000-03:00;29154.27;0.00;Mercado Libre; ;2025-12-03T09:32:43.000-03:00
132571706924;credit_card;SETTLEMENT;143463.00;2025-11-05T09:43:02.000-03:00;-28918.27;2025-11-05T09:43:11.000-03:00;114544.73;0.00;Mercado Libre; ;2025-12-03T09:43:04.000-03:00
132576528170;available_money;SETTLEMENT_SHIPPING;6620.99;2025-11-05T10:19:54.000-03:00;0.00;2025-11-05T10:20:01.000-03:00;6521.68;-99.31;Mercado Libre; ;2025-12-03T10:19:54.000-03:00
132576516222;available_money;SETTLEMENT;20385.55;2025-11-05T10:19:53.000-03:00;-5581.75;2025-11-05T10:20:02.000-03:00;7877.03;-305.78;Mercado Libre; ;2025-12-03T10:19:54.000-03:00
132538357798; ;DISPUTE;-11000.00;2025-11-05T10:24:35.000-03:00;2885.83;2025-11-05T10:24:35.000-03:00;0.00;770.00;Mercado Libre; ;
132579168248;available_money;SETTLEMENT;24354.20;2025-11-05T10:40:02.000-03:00;-6220.64;2025-11-05T10:40:13.000-03:00;17768.25;-365.31;Mercado Libre; ;2025-12-03T10:40:03.000-03:00
131979880117;debit_card;SETTLEMENT;30670.19;2025-11-05T10:42:12.000-03:00;-12536.63;2025-11-05T10:42:20.000-03:00;18133.56;0.00;Mercado Libre; ;2025-12-03T10:42:14.000-03:00
132579787372;available_money;SETTLEMENT;12177.10;2025-11-05T10:45:45.000-03:00;-3075.32;2025-11-05T10:45:52.000-03:00;8919.12;-182.66;Mercado Libre; ;2025-12-03T10:45:46.000-03:00
132579745646;available_money;SETTLEMENT_SHIPPING;1540.80;2025-11-05T10:45:47.000-03:00;0.00;2025-11-05T10:45:54.000-03:00;1517.69;-23.11;Mercado Libre; ;2025-12-03T10:45:47.000-03:00
132584369010;available_money;SETTLEMENT;15833.33;2025-11-05T11:21:49.000-03:00;-4848.92;2025-11-05T11:21:55.000-03:00;10746.91;-237.50;Mercado Libre; ;2025-12-03T11:21:49.000-03:00
131984663885;available_money;SETTLEMENT;14345.34;2025-11-05T11:21:47.000-03:00;-3424.37;2025-11-05T11:21:55.000-03:00;10705.79;-215.18;Mercado Libre; ;2025-12-03T11:21:48.000-03:00
132584474368;available_money;SETTLEMENT;9124.25;2025-11-05T11:21:48.000-03:00;-2583.86;2025-11-05T11:21:58.000-03:00;6403.53;-136.86;Mercado Libre; ;2025-12-03T11:21:49.000-03:00
131986618839;available_money;SETTLEMENT;10135.38;2025-11-05T11:35:26.000-03:00;-2746.64;2025-11-05T11:35:36.000-03:00;7236.71;-152.03;Mercado Libre; ;2025-12-03T11:35:27.000-03:00
131988982487;available_money;SETTLEMENT;34141.40;2025-11-05T11:51:49.000-03:00;-17925.20;2025-11-05T11:51:59.000-03:00;15704.08;-512.12;Mercado Libre; ;2025-12-03T11:51:50.000-03:00
131991779549;available_money;SETTLEMENT;97416.80;2025-11-05T12:11:56.000-03:00;-24882.56;2025-11-05T12:12:10.000-03:00;71072.99;-1461.25;Mercado Libre; ;2025-12-03T12:11:57.000-03:00
131997351927;available_money;SETTLEMENT;24354.20;2025-11-05T12:49:35.000-03:00;-6150.64;2025-11-05T12:49:46.000-03:00;10622.26;-365.31;Mercado Libre; ;2025-12-03T12:49:36.000-03:00
132597067934;available_money;SETTLEMENT_SHIPPING;7215.99;2025-11-05T12:49:36.000-03:00;0.00;2025-11-05T12:49:47.000-03:00;7107.75;-108.24;Mercado Libre; ;2025-12-03T12:49:36.000-03:00
131997653017;available_money;SETTLEMENT;10135.38;2025-11-05T12:51:06.000-03:00;-2746.64;2025-11-05T12:51:19.000-03:00;7236.71;-152.03;Mercado Libre; ;2025-12-03T12:51:07.000-03:00
132604361252;credit_card;SETTLEMENT;18226.37;2025-11-05T13:40:37.000-03:00;-10837.63;2025-11-05T13:40:47.000-03:00;7115.34;-273.40;Mercado Libre; ;2025-12-03T13:40:38.000-03:00
132006272757;available_money;SETTLEMENT;37468.00;2025-11-05T13:53:03.000-03:00;-10631.76;2025-11-05T13:53:10.000-03:00;26274.22;-562.02;Mercado Libre; ;2025-12-04T13:53:04.000-03:00
132007463835;available_money;SETTLEMENT;44000.00;2025-11-05T14:03:47.000-03:00;-11543.32;2025-11-05T14:03:56.000-03:00;31796.68;-660.00;Mercado Libre; ;2025-12-04T14:03:47.000-03:00
132628228068;credit_card;SETTLEMENT;30725.19;2025-11-05T16:55:16.000-03:00;-12591.63;2025-11-05T16:55:32.000-03:00;17672.68;-460.88;Mercado Libre; ;2025-12-03T16:55:19.000-03:00
132647261806;available_money;SETTLEMENT_SHIPPING;3027.23;2025-11-05T19:00:29.000-03:00;0.00;2025-11-05T19:00:36.000-03:00;2981.82;-45.41;Mercado Libre; ;2025-12-03T19:00:30.000-03:00
132047405873;available_money;SETTLEMENT;48708.40;2025-11-05T19:00:29.000-03:00;-12441.28;2025-11-05T19:00:40.000-03:00;32509.26;-730.63;Mercado Libre; ;2025-12-03T19:00:30.000-03:00
132649941572;available_money;SETTLEMENT;38404.70;2025-11-05T19:17:10.000-03:00;-12005.54;2025-11-05T19:17:22.000-03:00;25823.09;-576.07;Mercado Libre; ;2025-12-04T19:17:10.000-03:00
132007463835; ;DISPUTE;-44000.00;2025-11-05T20:31:18.000-03:00;11543.32;2025-11-05T20:31:18.000-03:00;0.00;660.00;Mercado Libre; ;
132670956624;available_money;SETTLEMENT;37147.36;2025-11-05T21:44:51.000-03:00;-10440.12;2025-11-05T21:44:59.000-03:00;26707.24;0.00;Mercado Libre; ;2025-12-04T21:44:51.000-03:00
132681499306;credit_card;SETTLEMENT;91625.04;2025-11-05T23:45:50.000-03:00;-24105.68;2025-11-05T23:46:00.000-03:00;67519.36;0.00;Mercado Libre; ;2025-12-04T23:45:52.000-03:00
132686909050;available_money;SETTLEMENT;34435.19;2025-11-06T01:40:34.000-03:00;-16301.63;2025-11-06T01:40:44.000-03:00;17617.03;-516.53;Mercado Libre; ;2025-12-04T01:40:34.000-03:00
132093772959;available_money;SETTLEMENT;23793.09;2025-11-06T05:52:34.000-03:00;-14691.31;2025-11-06T05:52:44.000-03:00;8744.88;-356.90;Mercado Libre; ;2025-12-05T05:52:34.000-03:00
132096691577;available_money;SETTLEMENT;23417.50;2025-11-06T06:55:19.000-03:00;-6069.85;2025-11-06T06:55:24.000-03:00;17347.65;0.00;Mercado Libre; ;2025-12-05T06:55:19.000-03:00
132097427125;available_money;SETTLEMENT;31669.34;2025-11-06T07:06:57.000-03:00;-13142.83;2025-11-06T07:07:03.000-03:00;18051.47;-475.04;Mercado Libre; ;2025-12-04T07:06:57.000-03:00
132700378554;credit_card;SETTLEMENT;24354.20;2025-11-06T07:43:37.000-03:00;-6220.64;2025-11-06T07:44:19.000-03:00;17768.25;-365.31;Mercado Libre; ;2025-12-04T07:43:38.000-03:00
132100163825;available_money;SETTLEMENT;45543.34;2025-11-06T07:46:25.000-03:00;-11931.76;2025-11-06T07:46:33.000-03:00;32928.43;-683.15;Mercado Libre; ;2025-12-05T07:46:25.000-03:00
132702064494;debit_card;SETTLEMENT;22748.09;2025-11-06T08:03:02.000-03:00;-13646.31;2025-11-06T08:03:10.000-03:00;8760.56;-341.22;Mercado Libre; ;2025-12-05T08:03:03.000-03:00
132105992413;available_money;SETTLEMENT;34945.68;2025-11-06T08:48:04.000-03:00;-10225.70;2025-11-06T08:48:11.000-03:00;24195.79;-524.19;Mercado Libre; ;2025-12-05T08:48:04.000-03:00
132708875602;available_money;SETTLEMENT;51321.30;2025-11-06T09:08:47.000-03:00;-15262.41;2025-11-06T09:08:57.000-03:00;36058.89;0.00;Mercado Libre; ;2025-12-05T09:08:47.000-03:00
132110481107;available_money;SETTLEMENT;28929.24;2025-11-06T09:29:18.000-03:00;-7467.15;2025-11-06T09:29:25.000-03:00;21028.15;-433.94;Mercado Libre; ;2025-12-04T09:29:18.000-03:00
132114179667;digital_currency;SETTLEMENT;37000.00;2025-11-06T09:58:42.000-03:00;-11869.83;2025-11-06T09:59:23.000-03:00;24575.17;-555.00;Mercado Libre; ;2025-12-04T09:58:44.000-03:00
132114139777;available_money;SETTLEMENT;561.67;2025-11-06T09:58:42.000-03:00;0.00;2025-11-06T09:59:24.000-03:00;553.24;-8.43;Mercado Libre; ;2025-12-04T09:58:44.000-03:00
132732672946;available_money;SETTLEMENT;28929.24;2025-11-06T12:03:26.000-03:00;-7467.15;2025-11-06T12:03:36.000-03:00;21462.09;0.00;Mercado Libre; ;2025-12-04T12:03:26.000-03:00
132755347488;credit_card;SETTLEMENT;11000.00;2025-11-06T14:48:51.000-03:00;-2885.83;2025-11-06T14:49:05.000-03:00;7949.17;-165.00;Mercado Libre; ;2025-12-05T14:48:53.000-03:00
132174285661;available_money;SETTLEMENT_SHIPPING;7274.79;2025-11-06T17:30:19.000-03:00;0.00;2025-11-06T17:30:30.000-03:00;7165.67;-109.12;Mercado Libre; ;2025-12-04T17:30:19.000-03:00
132775963458;available_money;SETTLEMENT;18120.30;2025-11-06T17:30:18.000-03:00;-5217.08;2025-11-06T17:30:31.000-03:00;5356.63;-271.80;Mercado Libre; ;2025-12-04T17:30:19.000-03:00
132190084765;available_money;SETTLEMENT;37491.89;2025-11-06T19:12:48.000-03:00;-17379.80;2025-11-06T19:12:58.000-03:00;20112.09;0.00;Mercado Libre; ;2025-12-04T19:12:48.000-03:00
132793175882; ;PAYOUTS;-346000.00;2025-11-06T19:28:43.000-03:00;0.00;2025-11-06T19:28:43.000-03:00;-346000.00;0.00;;;
132192852239; ;PAYOUTS;-346000.00;2025-11-06T19:29:41.000-03:00;0.00;2025-11-06T19:29:41.000-03:00;-346000.00;0.00;;;
132204339189;available_money;SETTLEMENT;30236.38;2025-11-06T20:48:07.000-03:00;-15348.81;2025-11-06T20:48:18.000-03:00;14887.57;0.00;Mercado Libre; ;2025-12-04T20:48:08.000-03:00
132815387002;available_money;SETTLEMENT;11406.93;2025-11-06T22:01:23.000-03:00;-2951.34;2025-11-06T22:01:31.000-03:00;7657.10;-798.49;Mercado Libre; ;2025-12-04T22:01:24.000-03:00
131979956260;available_money;REFUND;14215.72;2025-10-31T14:04:32.000-03:00;0.00;2025-11-06T22:28:29.000-03:00;14215.72;0.00;Mercado Libre; ;2025-11-28T14:04:34.000-03:00
132216080409;available_money;SETTLEMENT;35280.96;2025-11-06T22:29:02.000-03:00;-18289.84;2025-11-06T22:29:11.000-03:00;16991.12;0.00;Mercado Libre; ;2025-12-04T22:29:02.000-03:00
132827666816;available_money;SETTLEMENT;38360.02;2025-11-07T00:50:51.000-03:00;-17657.59;2025-11-07T00:51:00.000-03:00;20702.43;0.00;Mercado Libre; ;2025-12-05T00:50:52.000-03:00
1735880516544; ;SETTLEMENT;741.76;2025-11-07T05:23:52.000-03:00;0.00;2025-11-07T05:23:52.000-03:00;741.76;0.00;;;
132846169416;digital_currency;SETTLEMENT;21781.39;2025-11-07T07:04:41.000-03:00;-10918.10;2025-11-07T07:04:54.000-03:00;10536.57;-326.72;Mercado Libre; ;2025-12-05T07:04:42.000-03:00
132851129528;available_money;SETTLEMENT;11406.93;2025-11-07T08:01:03.000-03:00;-2951.34;2025-11-07T08:01:14.000-03:00;8455.59;0.00;Mercado Libre; ;2025-12-05T08:01:04.000-03:00
132256994699;debit_card;SETTLEMENT;34882.30;2025-11-07T09:22:21.000-03:00;-11438.49;2025-11-07T09:23:05.000-03:00;22920.58;-523.23;Mercado Libre; ;2025-12-05T09:22:23.000-03:00
132860240736; ;PAYOUTS;-18208.00;2025-11-07T09:32:53.000-03:00;0.00;2025-11-07T09:32:53.000-03:00;-18208.00;0.00;;;
132870355490;credit_card;SETTLEMENT;68305.54;2025-11-07T10:47:52.000-03:00;-28417.19;2025-11-07T10:48:07.000-03:00;38863.77;-1024.58;Mercado Libre; ;2025-12-05T10:47:54.000-03:00
132755347488; ;DISPUTE;-11000.00;2025-11-07T11:13:08.000-03:00;2885.83;2025-11-07T11:13:08.000-03:00;0.00;165.00;Mercado Libre; ;
132874472232;credit_card;SETTLEMENT;52600.70;2025-11-07T11:18:07.000-03:00;-22214.38;2025-11-07T11:18:21.000-03:00;29597.31;-789.01;Mercado Libre; ;2025-12-05T11:18:10.000-03:00
132886355954;debit_card;SETTLEMENT;21137.59;2025-11-07T12:39:20.000-03:00;-10274.30;2025-11-07T12:39:32.000-03:00;10546.23;-317.06;Mercado Libre; ;2025-12-05T12:39:21.000-03:00
132899496160;available_money;SETTLEMENT;28553.20;2025-11-07T14:12:20.000-03:00;-7406.62;2025-11-07T14:12:27.000-03:00;20718.28;-428.30;Mercado Libre; ;2025-12-05T14:12:20.000-03:00
132308101111;available_money;SETTLEMENT;11406.93;2025-11-07T15:46:11.000-03:00;-2951.34;2025-11-07T15:46:27.000-03:00;8284.49;-171.10;Mercado Libre; ;2025-12-05T15:46:11.000-03:00
132917507482;available_money;SETTLEMENT;39124.35;2025-11-07T16:38:27.000-03:00;-19079.66;2025-11-07T16:38:36.000-03:00;19457.82;-586.87;Mercado Libre; ;2025-12-05T16:38:27.000-03:00
132928157738;debit_card;SETTLEMENT;22337.06;2025-11-07T17:50:53.000-03:00;-13295.57;2025-11-07T17:51:03.000-03:00;9041.49;0.00;Mercado Libre; ;2025-12-05T17:50:55.000-03:00
132331308939;available_money;SETTLEMENT;36240.60;2025-11-07T18:27:32.000-03:00;-10434.16;2025-11-07T18:27:40.000-03:00;25262.83;-543.61;Mercado Libre; ;2025-12-05T18:27:33.000-03:00
132917507482; ;DISPUTE;-39124.35;2025-11-07T19:15:31.000-03:00;19079.66;2025-11-07T19:15:31.000-03:00;0.00;586.87;Mercado Libre; ;
132351571991;available_money;SETTLEMENT;46871.18;2025-11-07T20:35:47.000-03:00;-13368.51;2025-11-07T20:36:35.000-03:00;32799.60;-703.07;Mercado Libre; ;2025-12-05T20:35:48.000-03:00
132956251448;digital_currency;SETTLEMENT;37245.00;2025-11-07T20:47:15.000-03:00;-15348.56;2025-11-07T20:47:24.000-03:00;21896.44;0.00;Mercado Libre; ;2025-12-05T20:47:16.000-03:00
132958209602;credit_card;SETTLEMENT;44037.82;2025-11-07T21:01:17.000-03:00;-12472.38;2025-11-07T21:01:29.000-03:00;30904.87;-660.57;Mercado Libre; ;2025-12-05T21:01:18.000-03:00
132389266623;credit_card;SETTLEMENT;21982.59;2025-11-08T08:11:25.000-03:00;-11119.30;2025-11-08T08:11:39.000-03:00;10533.55;-329.74;Mercado Libre; ;2025-12-06T08:11:27.000-03:00
133010484784;available_money;SETTLEMENT;71844.86;2025-11-08T11:15:35.000-03:00;-33755.23;2025-11-08T11:15:44.000-03:00;37011.96;-1077.67;Mercado Libre; ;2025-12-06T11:15:36.000-03:00
133018137354;bank_transfer;SETTLEMENT;28553.20;2025-11-08T12:06:19.000-03:00;-7406.62;2025-11-08T12:06:39.000-03:00;20718.28;-428.30;Mercado Libre; ;2025-12-06T12:06:31.000-03:00
133029306394;available_money;SETTLEMENT;45026.20;2025-11-08T13:17:14.000-03:00;-13071.50;2025-11-08T13:17:26.000-03:00;31279.31;-675.39;Mercado Libre; ;2025-12-06T13:17:15.000-03:00
132427112953;available_money;SETTLEMENT;13178.40;2025-11-08T13:25:16.000-03:00;-3236.51;2025-11-08T13:25:22.000-03:00;9744.21;-197.68;Mercado Libre; ;2025-12-06T13:25:17.000-03:00
133040191938;available_money;SETTLEMENT;28553.20;2025-11-08T14:40:41.000-03:00;-7406.62;2025-11-08T14:40:52.000-03:00;21146.58;0.00;Mercado Libre; ;2025-12-06T14:40:42.000-03:00
133040191918;available_money;SETTLEMENT;11865.52;2025-11-08T14:40:40.000-03:00;-3025.16;2025-11-08T14:42:01.000-03:00;8840.36;0.00;Mercado Libre; ;2025-12-06T14:40:41.000-03:00
132472153471;credit_card;SETTLEMENT;53851.52;2025-11-08T19:22:41.000-03:00;-23177.64;2025-11-08T19:22:54.000-03:00;30673.88;0.00;Mercado Libre; ;2025-12-06T19:22:42.000-03:00
132482782469;available_money;SETTLEMENT;24576.49;2025-11-08T20:37:58.000-03:00;-15210.48;2025-11-08T20:38:08.000-03:00;9366.01;0.00;Mercado Libre; ;2025-12-06T20:37:59.000-03:00
132489749741;credit_card;SETTLEMENT;17826.59;2025-11-08T21:33:14.000-03:00;-11570.33;2025-11-08T21:34:00.000-03:00;5988.86;-267.40;Mercado Libre; ;2025-12-06T21:33:16.000-03:00
133124070150;digital_currency;SETTLEMENT;21732.59;2025-11-09T09:07:25.000-03:00;-10869.30;2025-11-09T09:07:37.000-03:00;10537.30;-325.99;Mercado Libre; ;2025-12-07T09:07:26.000-03:00
132520606199;available_money;SETTLEMENT;57106.40;2025-11-09T09:12:59.000-03:00;-14008.30;2025-11-09T09:13:07.000-03:00;37241.50;-856.60;Mercado Libre; ;2025-12-07T09:13:00.000-03:00
132525606121;available_money;SETTLEMENT_SHIPPING;11030.99;2025-11-09T10:22:22.000-03:00;0.00;2025-11-09T10:22:28.000-03:00;10865.53;-165.46;Mercado Libre; ;2025-12-07T10:22:22.000-03:00
133129233854;available_money;SETTLEMENT;28553.20;2025-11-09T10:22:21.000-03:00;-6826.62;2025-11-09T10:22:33.000-03:00;10267.29;-428.30;Mercado Libre; ;2025-12-07T10:22:22.000-03:00
133132104922;available_money;SETTLEMENT;35142.40;2025-11-09T10:52:31.000-03:00;-10257.38;2025-11-09T10:53:17.000-03:00;22425.05;-2459.97;Mercado Libre; ;2025-12-07T10:52:32.000-03:00
133158457994;credit_card;SETTLEMENT;35174.19;2025-11-09T14:54:11.000-03:00;-14027.61;2025-11-09T14:54:23.000-03:00;20618.97;-527.61;Mercado Libre; ;2025-12-07T14:54:13.000-03:00
133177699224;credit_card;SETTLEMENT;41361.68;2025-11-09T18:32:55.000-03:00;-13659.07;2025-11-09T18:33:04.000-03:00;24807.29;-2895.32;Mercado Libre; ;2025-12-07T18:32:57.000-03:00
132581686305;credit_card;SETTLEMENT;38250.89;2025-11-09T19:52:48.000-03:00;-20995.58;2025-11-09T19:52:57.000-03:00;16681.55;-573.76;Mercado Libre; ;2025-12-07T19:52:50.000-03:00
133187724212;debit_card;SETTLEMENT;21137.59;2025-11-09T20:11:26.000-03:00;-10274.30;2025-11-09T20:11:40.000-03:00;10546.23;-317.06;Mercado Libre; ;2025-12-07T20:11:28.000-03:00
132601135107;credit_card;SETTLEMENT;17095.72;2025-11-09T23:19:00.000-03:00;-8640.13;2025-11-09T23:19:13.000-03:00;8199.15;-256.44;Mercado Libre; ;2025-12-07T23:19:01.000-03:00
1735928278954; ;SETTLEMENT;349.59;2025-11-10T03:27:20.000-03:00;0.00;2025-11-10T03:27:20.000-03:00;349.59;0.00;;;
133246671440;digital_currency;SETTLEMENT;73579.40;2025-11-10T10:06:49.000-03:00;-16423.19;2025-11-10T10:06:55.000-03:00;52156.21;0.00;Mercado Libre; ;2025-12-08T10:06:50.000-03:00
132654964845;debit_card;SETTLEMENT;34333.20;2025-11-10T11:37:07.000-03:00;-10910.09;2025-11-10T11:37:19.000-03:00;23423.11;0.00;Mercado Libre; ;2025-12-08T11:37:08.000-03:00
133263871232;available_money;SETTLEMENT;34924.19;2025-11-10T12:05:30.000-03:00;-13777.61;2025-11-10T12:05:39.000-03:00;20622.72;-523.86;Mercado Libre; ;2025-12-08T12:05:31.000-03:00
132663858833;available_money;SETTLEMENT;-41061.66;2025-11-10T12:36:07.000-03:00;0.00;2025-11-10T12:36:09.000-03:00;-41061.66;0.00;Mercado Pago;Wallet;2025-11-10T12:36:09.000-03:00
133271296540;available_money;SETTLEMENT;29655.04;2025-11-10T12:54:41.000-03:00;-11821.81;2025-11-10T12:54:53.000-03:00;17833.23;0.00;Mercado Libre; ;2025-12-08T12:54:42.000-03:00
133273647350;available_money;SETTLEMENT;-111402.00;2025-11-10T13:11:20.000-03:00;0.00;2025-11-10T13:11:21.000-03:00;-111402.00;0.00;;;2025-11-10T13:11:21.000-03:00
133273840460;available_money;SETTLEMENT;-40767.00;2025-11-10T13:12:41.000-03:00;0.00;2025-11-10T13:12:42.000-03:00;-40767.00;0.00;;;2025-11-10T13:12:41.000-03:00
132670279053;available_money;SETTLEMENT;-3400.00;2025-11-10T13:21:09.000-03:00;0.00;2025-11-10T13:21:09.000-03:00;-3400.00;0.00;;;2025-11-10T13:21:09.000-03:00
133279551146;credit_card;SETTLEMENT;45683.41;2025-11-10T13:57:02.000-03:00;-20440.96;2025-11-10T13:57:15.000-03:00;25242.45;0.00;Mercado Libre; ;2025-12-08T13:57:04.000-03:00
133324837324;available_money;SETTLEMENT;28553.20;2025-11-10T19:32:25.000-03:00;-7406.62;2025-11-10T19:32:32.000-03:00;20718.28;-428.30;Mercado Libre; ;2025-12-08T19:32:26.000-03:00
132720549555;available_money;SETTLEMENT_SHIPPING;6144.79;2025-11-10T19:39:57.000-03:00;0.00;2025-11-10T19:40:02.000-03:00;5714.65;-430.14;Mercado Libre; ;2025-12-08T19:39:57.000-03:00
133325863672;available_money;SETTLEMENT;14276.60;2025-11-10T19:39:56.000-03:00;-3413.31;2025-11-10T19:40:04.000-03:00;3719.14;-999.36;Mercado Libre; ;2025-12-08T19:39:57.000-03:00
132732770313;available_money;SETTLEMENT;14276.60;2025-11-10T21:04:58.000-03:00;-3413.31;2025-11-10T21:05:08.000-03:00;10863.29;0.00;Mercado Libre; ;2025-12-08T21:04:59.000-03:00
133339485634;available_money;SETTLEMENT;18120.30;2025-11-10T21:16:36.000-03:00;-5217.08;2025-11-10T21:16:47.000-03:00;12631.42;-271.80;Mercado Libre; ;2025-12-08T21:16:36.000-03:00
132734072989;available_money;SETTLEMENT_SHIPPING;3318.96;2025-11-10T21:16:38.000-03:00;0.00;2025-11-10T21:16:50.000-03:00;3269.18;-49.78;Mercado Libre; ;2025-12-08T21:16:38.000-03:00
133339786120;available_money;SETTLEMENT;19383.23;2025-11-10T21:17:10.000-03:00;-5420.39;2025-11-10T21:17:17.000-03:00;6719.44;-290.75;Mercado Libre; ;2025-12-08T21:17:10.000-03:00
132734063601;available_money;SETTLEMENT_SHIPPING;6952.65;2025-11-10T21:17:11.000-03:00;0.00;2025-11-10T21:17:18.000-03:00;6848.36;-104.29;Mercado Libre; ;2025-12-08T21:17:11.000-03:00
132734049621;available_money;SETTLEMENT;19987.24;2025-11-10T21:17:10.000-03:00;-5517.63;2025-11-10T21:17:19.000-03:00;14169.80;-299.81;Mercado Libre; ;2025-12-08T21:17:11.000-03:00
133344204028;available_money;SETTLEMENT;87306.90;2025-11-10T21:58:39.000-03:00;-22485.03;2025-11-10T21:58:48.000-03:00;58710.39;-6111.48;Mercado Libre; ;2025-12-08T21:58:40.000-03:00
132743356867;available_money;SETTLEMENT;31971.49;2025-11-10T22:47:54.000-03:00;-12885.95;2025-11-10T22:48:01.000-03:00;16847.54;-2238.00;Mercado Libre; ;2025-12-08T22:47:54.000-03:00
133351977236;available_money;SETTLEMENT;47375.60;2025-11-10T23:28:54.000-03:00;-13449.71;2025-11-10T23:29:06.000-03:00;30609.60;-3316.29;Mercado Libre; ;2025-12-08T23:28:55.000-03:00
133358463746;available_money;SETTLEMENT;28553.20;2025-11-11T01:31:59.000-03:00;-7406.62;2025-11-11T01:32:46.000-03:00;20718.28;-428.30;Mercado Libre; ;2025-12-09T01:32:00.000-03:00
1735994791774; ;SETTLEMENT;456.61;2025-11-11T03:35:16.000-03:00;0.00;2025-11-11T03:35:16.000-03:00;456.61;0.00;;;
132769973239;available_money;SETTLEMENT;26356.80;2025-11-11T07:16:18.000-03:00;-6473.02;2025-11-11T07:16:28.000-03:00;19883.78;0.00;Mercado Libre; ;2025-12-09T07:16:19.000-03:00
131036482631; ;DISPUTE;-10903.68;2025-11-11T10:39:40.000-03:00;2870.32;2025-11-11T10:39:40.000-03:00;0.00;0.00;Mercado Libre; ;
133411914310;credit_card;SETTLEMENT;45026.20;2025-11-11T12:23:42.000-03:00;-12631.50;2025-11-11T12:23:51.000-03:00;32394.70;0.00;Mercado Libre; ;2025-12-09T12:23:44.000-03:00
132823869131;available_money;SETTLEMENT;22813.86;2025-11-11T14:48:28.000-03:00;-5902.68;2025-11-11T14:48:38.000-03:00;16911.18;0.00;Mercado Libre; ;2025-12-09T14:48:29.000-03:00
132824593575;available_money;SETTLEMENT;28334.99;2025-11-11T14:54:59.000-03:00;-12206.85;2025-11-11T14:55:09.000-03:00;16128.14;0.00;Mercado Libre; ;2025-12-09T14:55:00.000-03:00
132823781461; ;PAYOUTS;-437000.00;2025-11-11T14:59:58.000-03:00;0.00;2025-11-11T14:59:58.000-03:00;-437000.00;0.00;;;
133431908294; ;PAYOUTS;-437000.00;2025-11-11T15:01:05.000-03:00;0.00;2025-11-11T15:01:05.000-03:00;-437000.00;0.00;;;
133444976594;ticket;SETTLEMENT;27618.79;2025-11-11T16:50:56.000-03:00;-11490.65;2025-11-11T17:25:44.000-03:00;14194.82;-1933.32;Mercado Libre; ;2025-12-09T17:25:34.000-03:00
132852763111;debit_card;SETTLEMENT;18462.92;2025-11-11T18:32:01.000-03:00;-10007.33;2025-11-11T18:32:13.000-03:00;8455.59;0.00;Mercado Libre; ;2025-12-09T18:32:03.000-03:00
133474607176;credit_card;SETTLEMENT;23999.09;2025-11-11T20:14:28.000-03:00;-11095.87;2025-11-11T20:14:38.000-03:00;12903.22;0.00;Mercado Libre; ;2025-12-09T20:14:30.000-03:00
132880268905;available_money;SETTLEMENT;26356.80;2025-11-11T21:57:35.000-03:00;-6473.02;2025-11-11T21:58:23.000-03:00;19488.43;-395.35;Mercado Libre; ;2025-12-09T21:58:10.000-03:00
133489758224;available_money;SETTLEMENT;28553.20;2025-11-11T22:24:04.000-03:00;-7406.62;2025-11-11T22:24:18.000-03:00;21146.58;0.00;Mercado Libre; ;2025-12-09T22:24:04.000-03:00
133489896732;available_money;SETTLEMENT;11406.93;2025-11-11T22:26:21.000-03:00;-2951.34;2025-11-11T22:26:30.000-03:00;8284.49;-171.10;Mercado Libre; ;2025-12-09T22:26:22.000-03:00
1736066241803; ;SETTLEMENT;123.81;2025-11-12T05:09:45.000-03:00;0.00;2025-11-12T05:09:45.000-03:00;123.81;0.00;;;
132915046023;available_money;SETTLEMENT;24847.59;2025-11-12T08:14:20.000-03:00;-13984.30;2025-11-12T08:14:30.000-03:00;10490.58;-372.71;Mercado Libre; ;2025-12-10T08:14:21.000-03:00
132917759395;available_money;SETTLEMENT;33917.04;2025-11-12T08:46:47.000-03:00;-12020.60;2025-11-12T08:46:56.000-03:00;21387.68;-508.76;Mercado Libre; ;2025-12-10T08:46:48.000-03:00
132931423935;available_money;SETTLEMENT;10336.00;2025-11-12T10:49:00.000-03:00;-2778.93;2025-11-12T10:49:08.000-03:00;7402.03;-155.04;Mercado Libre; ;2025-12-10T10:49:00.000-03:00
132933182845;debit_card;SETTLEMENT;44037.82;2025-11-12T11:02:13.000-03:00;-12912.38;2025-11-12T11:02:22.000-03:00;30464.87;-660.57;Mercado Libre; ;2025-12-10T11:02:15.000-03:00
133571733768;available_money;SETTLEMENT;28553.20;2025-11-12T15:14:53.000-03:00;-7406.62;2025-11-12T15:15:03.000-03:00;20718.28;-428.30;Mercado Libre; ;2025-12-10T15:14:54.000-03:00
132972436503;available_money;SETTLEMENT;28584.99;2025-11-12T16:29:32.000-03:00;-12456.85;2025-11-12T16:29:42.000-03:00;15699.37;-428.77;Mercado Libre; ;2025-12-10T16:29:33.000-03:00
133584060266;available_money;SETTLEMENT;10336.00;2025-11-12T17:03:52.000-03:00;-2778.93;2025-11-12T17:04:06.000-03:00;7402.03;-155.04;Mercado Libre; ;2025-12-10T17:03:53.000-03:00
132983724241;available_money;SETTLEMENT;10336.00;2025-11-12T17:55:28.000-03:00;-2778.93;2025-11-12T17:55:46.000-03:00;7402.03;-155.04;Mercado Libre; ;2025-12-10T17:55:29.000-03:00
132998568187;credit_card;SETTLEMENT;14056.96;2025-11-12T19:41:05.000-03:00;-3377.95;2025-11-12T19:41:18.000-03:00;10468.16;-210.85;Mercado Libre; ;2025-12-10T19:41:07.000-03:00
133015109589;available_money;SETTLEMENT;10336.00;2025-11-12T21:53:51.000-03:00;-2778.93;2025-11-12T21:53:59.000-03:00;7402.03;-155.04;Mercado Libre; ;2025-12-10T21:53:52.000-03:00
133015164833;available_money;SETTLEMENT;28553.20;2025-11-12T21:53:50.000-03:00;-7406.62;2025-11-12T21:54:00.000-03:00;20718.28;-428.30;Mercado Libre; ;2025-12-10T21:53:51.000-03:00
133623293918;credit_card;SETTLEMENT;42572.39;2025-11-12T21:57:44.000-03:00;-24012.20;2025-11-12T21:57:56.000-03:00;17921.60;-638.59;Mercado Libre; ;2025-12-10T21:57:46.000-03:00
133632789956;available_money;SETTLEMENT;28553.20;2025-11-13T00:04:11.000-03:00;-7406.62;2025-11-13T00:04:20.000-03:00;20718.28;-428.30;Mercado Libre; ;2025-12-11T00:04:12.000-03:00
1736107518711; ;SETTLEMENT;236.44;2025-11-13T02:43:17.000-03:00;0.00;2025-11-13T02:43:17.000-03:00;236.44;0.00;;;
133676456964;available_money;SETTLEMENT;-55692.00;2025-11-13T11:01:19.000-03:00;0.00;2025-11-13T11:01:20.000-03:00;-55692.00;0.00;Mercado Pago;QR;2025-11-13T11:01:20.000-03:00
133073645111;debit_card;SETTLEMENT;27382.13;2025-11-13T11:43:21.000-03:00;-12854.71;2025-11-13T11:43:35.000-03:00;14116.69;-410.73;Mercado Libre; ;2025-12-11T11:43:24.000-03:00
133701320854;bank_transfer;SETTLEMENT;34761.09;2025-11-13T14:11:31.000-03:00;-13153.80;2025-11-13T14:11:54.000-03:00;21607.29;0.00;Mercado Libre; ;2025-12-11T14:11:42.000-03:00
133098192015;credit_card;SETTLEMENT;34869.19;2025-11-13T14:58:33.000-03:00;-13722.61;2025-11-13T14:58:44.000-03:00;21146.58;0.00;Mercado Libre; ;2025-12-11T14:58:35.000-03:00
133108951751;available_money;SETTLEMENT;35424.34;2025-11-13T16:35:13.000-03:00;-14277.76;2025-11-13T16:35:22.000-03:00;0.00;-531.37;Mercado Libre; ;2025-11-13T16:39:42.000-03:00
133108951751; ;DISPUTE;-35424.34;2025-11-13T16:39:45.000-03:00;14277.76;2025-11-13T16:39:45.000-03:00;0.00;531.37;Mercado Libre; ;
133717973832;available_money;SETTLEMENT;35424.34;2025-11-13T16:42:09.000-03:00;-14277.76;2025-11-13T16:42:19.000-03:00;20615.21;-531.37;Mercado Libre; ;2025-12-11T16:42:10.000-03:00
133733343672; ;PAYOUTS;-432926.00;2025-11-13T18:41:27.000-03:00;0.00;2025-11-13T18:41:27.000-03:00;-432926.00;0.00;;;
133734886486; ;PAYOUTS;-432926.00;2025-11-13T18:44:44.000-03:00;0.00;2025-11-13T18:44:44.000-03:00;-432926.00;0.00;;;
133132622559;credit_card;SETTLEMENT;21137.59;2025-11-13T19:24:30.000-03:00;-10274.30;2025-11-13T19:24:39.000-03:00;10546.23;-317.06;Mercado Libre; ;2025-12-11T19:24:31.000-03:00
133772400830;available_money;SETTLEMENT;47992.50;2025-11-14T00:23:31.000-03:00;-12326.04;2025-11-14T00:23:40.000-03:00;34946.57;-719.89;Mercado Libre; ;2025-12-12T00:23:32.000-03:00
1736166924063; ;SETTLEMENT;572.05;2025-11-14T03:42:07.000-03:00;0.00;2025-11-14T03:42:07.000-03:00;572.05;0.00;;;
133793284596;available_money;SETTLEMENT;45627.72;2025-11-14T07:07:09.000-03:00;-11805.36;2025-11-14T07:07:23.000-03:00;33137.94;-684.42;Mercado Libre; ;2025-12-12T07:07:09.000-03:00
133798816848;available_money;SETTLEMENT;11406.93;2025-11-14T08:20:56.000-03:00;-2951.34;2025-11-14T08:21:07.000-03:00;8284.49;-171.10;Mercado Libre; ;2025-12-12T08:20:57.000-03:00
133199345545;available_money;SETTLEMENT;14276.60;2025-11-14T09:46:54.000-03:00;-3413.31;2025-11-14T09:47:03.000-03:00;10649.14;-214.15;Mercado Libre; ;2025-12-12T09:46:55.000-03:00
133807769468;available_money;SETTLEMENT;21964.00;2025-11-14T09:46:54.000-03:00;-5835.86;2025-11-14T09:47:03.000-03:00;15798.68;-329.46;Mercado Libre; ;2025-12-12T09:46:55.000-03:00
133204264183;available_money;SETTLEMENT;11406.93;2025-11-14T10:24:10.000-03:00;-2951.34;2025-11-14T10:24:20.000-03:00;8284.49;-171.10;Mercado Libre; ;2025-12-12T10:24:10.000-03:00
133812509452;available_money;SETTLEMENT_SHIPPING;799.69;2025-11-14T10:24:11.000-03:00;0.00;2025-11-14T10:24:21.000-03:00;787.69;-12.00;Mercado Libre; ;2025-12-12T10:24:11.000-03:00
133209553863;available_money;SETTLEMENT;28553.20;2025-11-14T11:05:05.000-03:00;-6826.62;2025-11-14T11:05:14.000-03:00;11327.29;-428.30;Mercado Libre; ;2025-12-12T11:05:05.000-03:00
133818001696;available_money;SETTLEMENT_SHIPPING;9970.99;2025-11-14T11:05:05.000-03:00;0.00;2025-11-14T11:05:18.000-03:00;9821.43;-149.56;Mercado Libre; ;2025-12-12T11:05:05.000-03:00
133822650048;available_money;SETTLEMENT;45084.00;2025-11-14T11:39:49.000-03:00;-12640.80;2025-11-14T11:39:59.000-03:00;31766.94;-676.26;Mercado Libre; ;2025-12-12T11:39:49.000-03:00
133828611352;credit_card;SETTLEMENT;37434.00;2025-11-14T12:19:37.000-03:00;-12586.77;2025-11-14T12:19:47.000-03:00;24847.23;0.00;Mercado Libre; ;2025-12-12T12:19:40.000-03:00
133831852554;available_money;SETTLEMENT;33048.00;2025-11-14T12:40:13.000-03:00;-10703.20;2025-11-14T12:40:29.000-03:00;22344.80;0.00;Mercado Libre; ;2025-12-12T12:40:14.000-03:00
133832042850;credit_card;SETTLEMENT;85878.90;2025-11-14T12:41:40.000-03:00;-23180.64;2025-11-14T12:41:53.000-03:00;61410.08;-1288.18;Mercado Libre; ;2025-12-12T12:41:42.000-03:00
133834961264;available_money;SETTLEMENT;23256.00;2025-11-14T13:01:48.000-03:00;-5973.84;2025-11-14T13:02:32.000-03:00;9477.33;-348.84;Mercado Libre; ;2025-12-12T13:01:49.000-03:00
133226538707;available_money;SETTLEMENT_SHIPPING;7455.99;2025-11-14T13:01:49.000-03:00;0.00;2025-11-14T13:02:32.000-03:00;7344.15;-111.84;Mercado Libre; ;2025-12-12T13:01:49.000-03:00
133234983451;credit_card;SETTLEMENT;25678.50;2025-11-14T14:05:24.000-03:00;-6943.83;2025-11-14T14:05:36.000-03:00;18349.49;-385.18;Mercado Libre; ;2025-12-12T14:05:26.000-03:00
133235952365;available_money;SETTLEMENT;10064.93;2025-11-14T14:12:12.000-03:00;-2735.30;2025-11-14T14:12:26.000-03:00;7329.63;0.00;Mercado Libre; ;2025-12-12T14:12:13.000-03:00
133845794824;available_money;SETTLEMENT;50388.00;2025-11-14T14:23:21.000-03:00;-13731.68;2025-11-14T14:23:31.000-03:00;35900.50;-755.82;Mercado Libre; ;2025-12-12T14:23:22.000-03:00
133847174150;available_money;SETTLEMENT;25194.00;2025-11-14T14:33:57.000-03:00;-6865.84;2025-11-14T14:34:09.000-03:00;18328.16;0.00;Mercado Libre; ;2025-12-12T14:33:58.000-03:00
133244256313;debit_card;SETTLEMENT;34631.89;2025-11-14T15:21:23.000-03:00;-13133.00;2025-11-14T15:21:32.000-03:00;21498.89;0.00;Mercado Libre; ;2025-12-12T15:21:25.000-03:00
133864588716;available_money;SETTLEMENT;35695.99;2025-11-14T16:55:39.000-03:00;-13901.85;2025-11-14T16:55:49.000-03:00;21258.70;-535.44;Mercado Libre; ;2025-12-12T16:55:40.000-03:00
133880049378;available_money;SETTLEMENT;19933.79;2025-11-14T18:35:38.000-03:00;-10479.71;2025-11-14T18:35:48.000-03:00;9155.07;-299.01;Mercado Libre; ;2025-12-12T18:35:39.000-03:00
133892757092;available_money;SETTLEMENT;46338.75;2025-11-14T19:56:04.000-03:00;-20374.20;2025-11-14T19:56:15.000-03:00;25269.47;-695.08;Mercado Libre; ;2025-12-12T19:56:04.000-03:00
133309072979;bank_transfer;SETTLEMENT;26719.99;2025-11-14T23:05:20.000-03:00;-11946.86;2025-11-14T23:05:40.000-03:00;14372.33;-400.80;Mercado Libre; ;2025-12-12T23:05:31.000-03:00
133326936923;available_money;SETTLEMENT;10064.93;2025-11-15T07:08:33.000-03:00;-2735.30;2025-11-15T07:08:46.000-03:00;6625.08;-704.55;Mercado Libre; ;2025-12-13T07:08:34.000-03:00
133326955571;credit_card;SETTLEMENT;94487.84;2025-11-15T07:11:48.000-03:00;-36133.69;2025-11-15T07:12:37.000-03:00;56936.83;-1417.32;Mercado Libre; ;2025-12-13T07:11:50.000-03:00
133330105285;available_money;SETTLEMENT;45670.50;2025-11-15T08:26:19.000-03:00;-13175.22;2025-11-15T08:26:27.000-03:00;31810.22;-685.06;Mercado Libre; ;2025-12-13T08:26:20.000-03:00
133379323427;available_money;SETTLEMENT;15988.50;2025-11-15T15:23:23.000-03:00;-4873.90;2025-11-15T15:23:34.000-03:00;11114.60;0.00;Mercado Libre; ;2025-12-13T15:23:24.000-03:00
133974747174;ticket;SETTLEMENT;39729.00;2025-11-15T13:29:08.000-03:00;-11778.73;2025-11-15T18:22:51.000-03:00;27950.27;0.00;Mercado Libre; ;2025-12-13T18:22:37.000-03:00
133403073027;available_money;SETTLEMENT;30294.00;2025-11-15T18:48:21.000-03:00;-7686.86;2025-11-15T18:48:31.000-03:00;22607.14;0.00;Mercado Libre; ;2025-12-13T18:48:22.000-03:00
133407331247; ;PAYOUTS;-134000.00;2025-11-15T19:27:58.000-03:00;0.00;2025-11-15T19:27:58.000-03:00;-134000.00;0.00;;;
134016984440; ;PAYOUTS;-134000.00;2025-11-15T19:28:42.000-03:00;0.00;2025-11-15T19:28:42.000-03:00;-134000.00;0.00;;;
133416729613;available_money;SETTLEMENT;24480.00;2025-11-15T20:29:31.000-03:00;-6240.89;2025-11-15T20:29:40.000-03:00;12502.20;-367.20;Mercado Libre; ;2025-12-13T20:29:32.000-03:00
134025608614;available_money;SETTLEMENT_SHIPPING;5369.71;2025-11-15T20:29:32.000-03:00;0.00;2025-11-15T20:29:40.000-03:00;5289.16;-80.55;Mercado Libre; ;2025-12-13T20:29:32.000-03:00
133416910213;available_money;SETTLEMENT;17367.57;2025-11-15T20:29:32.000-03:00;-7735.78;2025-11-15T20:29:42.000-03:00;9371.28;-260.51;Mercado Libre; ;2025-12-13T20:29:32.000-03:00
134066025936;available_money;SETTLEMENT;25194.00;2025-11-16T09:33:26.000-03:00;-6865.84;2025-11-16T09:34:04.000-03:00;17950.25;-377.91;Mercado Libre; ;2025-12-14T09:33:26.000-03:00
133474152099;available_money;SETTLEMENT;25194.00;2025-11-16T12:31:48.000-03:00;-6865.84;2025-11-16T12:31:59.000-03:00;17950.25;-377.91;Mercado Libre; ;2025-12-14T12:31:49.000-03:00
133492328463;available_money;SETTLEMENT;31564.99;2025-11-16T15:37:43.000-03:00;-13236.83;2025-11-16T15:37:50.000-03:00;17854.69;-473.47;Mercado Libre; ;2025-12-14T15:37:43.000-03:00
134123234656;available_money;SETTLEMENT;38856.90;2025-11-16T19:42:20.000-03:00;-11273.42;2025-11-16T19:42:33.000-03:00;22000.63;-582.85;Mercado Libre; ;2025-12-14T19:42:21.000-03:00
133525960771;available_money;SETTLEMENT;25194.00;2025-11-16T21:34:27.000-03:00;-6865.84;2025-11-16T21:34:37.000-03:00;18328.16;0.00;Mercado Libre; ;2025-12-14T21:34:28.000-03:00
134140784862;available_money;SETTLEMENT;76480.62;2025-11-16T22:43:45.000-03:00;-18872.66;2025-11-16T22:43:57.000-03:00;57607.96;0.00;Mercado Libre; ;2025-12-14T22:43:45.000-03:00
134141400006;available_money;SETTLEMENT;50388.00;2025-11-16T22:53:54.000-03:00;-13731.68;2025-11-16T22:54:04.000-03:00;35900.50;-755.82;Mercado Libre; ;2025-12-14T22:53:54.000-03:00
133534363007;available_money;SETTLEMENT;17829.72;2025-11-16T23:18:22.000-03:00;-10500.09;2025-11-16T23:18:32.000-03:00;7062.18;-267.45;Mercado Libre; ;2025-12-14T23:18:23.000-03:00
133536330135;available_money;SETTLEMENT;18303.90;2025-11-16T23:48:50.000-03:00;-5246.64;2025-11-16T23:49:02.000-03:00;13057.26;0.00;Mercado Libre; ;2025-12-14T23:48:50.000-03:00
133536131613;available_money;SETTLEMENT_SHIPPING;1536.82;2025-11-16T23:48:51.000-03:00;-1536.82;2025-11-16T23:49:08.000-03:00;0.00;0.00;Mercado Libre; ;2025-11-16T23:50:14.000-03:00
1736221204118; ;SETTLEMENT;361.49;2025-11-17T02:44:49.000-03:00;0.00;2025-11-17T02:44:49.000-03:00;361.49;0.00;;;
133548384985;digital_currency;SETTLEMENT;26967.29;2025-11-17T04:39:23.000-03:00;-11573.71;2025-11-17T04:39:33.000-03:00;15393.58;0.00;Mercado Libre; ;2025-12-15T04:39:25.000-03:00
134179251140; ;PAYOUTS;-128000.00;2025-11-17T10:45:20.000-03:00;0.00;2025-11-17T10:45:20.000-03:00;-128000.00;0.00;;;
134183413606;available_money;SETTLEMENT;-7202.42;2025-11-17T11:16:57.000-03:00;0.00;2025-11-17T11:16:57.000-03:00;-7202.42;0.00;Mercado Pago;Checkouts;2025-12-05T11:16:57.000-03:00
133575966571;credit_card;SETTLEMENT;41356.92;2025-11-17T11:28:00.000-03:00;-12480.80;2025-11-17T11:28:12.000-03:00;28255.77;-620.35;Mercado Libre; ;2025-12-15T11:28:02.000-03:00
134185316548;available_money;SETTLEMENT;35026.80;2025-11-17T11:31:06.000-03:00;-12639.25;2025-11-17T11:31:18.000-03:00;19935.67;-2451.88;Mercado Libre; ;2025-12-15T11:31:07.000-03:00
134187457930;available_money;SETTLEMENT;6564.99;2025-11-17T11:49:43.000-03:00;0.00;2025-11-17T11:49:48.000-03:00;6466.52;-98.47;Mercado Libre; ;2025-12-15T11:49:46.000-03:00
133578764209;digital_currency;SETTLEMENT;25000.00;2025-11-17T11:49:43.000-03:00;-13236.83;2025-11-17T11:49:56.000-03:00;11388.17;-375.00;Mercado Libre; ;2025-12-15T11:49:46.000-03:00
134190986672;available_money;SETTLEMENT;-4351.56;2025-11-17T12:14:55.000-03:00;0.00;2025-11-17T12:14:55.000-03:00;-4351.56;0.00;Mercado Pago;Checkouts;2025-12-05T12:14:55.000-03:00
134200988136;debit_card;SETTLEMENT;10754.09;2025-11-17T13:28:37.000-03:00;-4480.86;2025-11-17T13:28:50.000-03:00;6273.23;0.00;Mercado Libre; ;2025-12-15T13:28:39.000-03:00
134205343278;available_money;SETTLEMENT;38760.00;2025-11-17T14:05:56.000-03:00;-10839.74;2025-11-17T14:06:06.000-03:00;27338.86;-581.40;Mercado Libre; ;2025-12-15T14:05:57.000-03:00
133599871319;available_money;SETTLEMENT;18155.92;2025-11-17T14:37:21.000-03:00;-10826.29;2025-11-17T14:37:27.000-03:00;7057.29;-272.34;Mercado Libre; ;2025-12-15T14:37:22.000-03:00
134239007752;available_money;SETTLEMENT;30294.00;2025-11-17T18:36:33.000-03:00;-7686.86;2025-11-17T18:36:43.000-03:00;20486.56;-2120.58;Mercado Libre; ;2025-12-15T18:36:34.000-03:00
133634897669;available_money;SETTLEMENT_SHIPPING;6144.79;2025-11-17T19:11:10.000-03:00;0.00;2025-11-17T19:11:19.000-03:00;5714.65;-430.14;Mercado Libre; ;2025-12-15T19:11:10.000-03:00
134243981454;available_money;SETTLEMENT;12597.00;2025-11-17T19:11:09.000-03:00;-3142.92;2025-11-17T19:11:24.000-03:00;2427.50;-881.79;Mercado Libre; ;2025-12-15T19:11:10.000-03:00
134244802568;available_money;SETTLEMENT;50388.00;2025-11-17T19:15:52.000-03:00;-13731.68;2025-11-17T19:16:44.000-03:00;36656.32;0.00;Mercado Libre; ;2025-12-15T19:16:28.000-03:00
134281196874;available_money;SETTLEMENT;-57869.73;2025-11-18T02:10:19.000-03:00;0.00;2025-11-18T02:10:19.000-03:00;-57869.73;0.00;;;2025-11-18T02:10:19.000-03:00
133672068569;available_money;SETTLEMENT;-275761.67;2025-11-18T02:10:19.000-03:00;0.00;2025-11-18T02:10:19.000-03:00;-275761.67;0.00;;;2025-11-18T02:10:19.000-03:00
133679759653;available_money;SETTLEMENT;51357.00;2025-11-18T05:13:30.000-03:00;-13887.66;2025-11-18T05:13:39.000-03:00;37469.34;0.00;Mercado Libre; ;2025-12-16T05:13:30.000-03:00
1736293411295; ;SETTLEMENT;212.04;2025-11-18T05:16:32.000-03:00;0.00;2025-11-18T05:16:32.000-03:00;212.04;0.00;;;
133688619469;available_money;SETTLEMENT;35535.16;2025-11-18T07:35:42.000-03:00;-10320.60;2025-11-18T07:35:52.000-03:00;21673.70;-533.03;Mercado Libre; ;2025-12-16T07:35:42.000-03:00
134298150920;available_money;SETTLEMENT_SHIPPING;3007.83;2025-11-18T07:35:42.000-03:00;0.00;2025-11-18T07:35:54.000-03:00;2962.71;-45.12;Mercado Libre; ;2025-12-16T07:35:42.000-03:00
134306358194;available_money;SETTLEMENT;-49069.19;2025-11-18T09:06:58.000-03:00;0.00;2025-11-18T09:06:59.000-03:00;-49069.19;0.00;;;2025-11-18T09:06:59.000-03:00
133698992723;debit_card;SETTLEMENT;33847.08;2025-11-18T09:31:57.000-03:00;-17594.10;2025-11-18T09:32:07.000-03:00;15745.27;-507.71;Mercado Libre; ;2025-12-16T09:31:58.000-03:00
134313560108;available_money;SETTLEMENT;17294.40;2025-11-18T10:09:14.000-03:00;-10368.77;2025-11-18T10:09:23.000-03:00;6666.21;-259.42;Mercado Libre; ;2025-12-16T10:09:15.000-03:00
133706821133;debit_card;SETTLEMENT;18246.99;2025-11-18T10:38:21.000-03:00;-10689.92;2025-11-18T10:40:02.000-03:00;7557.07;0.00;Mercado Libre; ;2025-12-16T10:38:23.000-03:00
133721425647;bank_transfer;SETTLEMENT;18745.79;2025-11-18T12:22:53.000-03:00;-9291.71;2025-11-18T12:23:11.000-03:00;9454.08;0.00;Mercado Libre; ;2025-12-16T12:23:05.000-03:00
133730142973;available_money;SETTLEMENT;5481.28;2025-11-18T13:28:21.000-03:00;-1997.40;2025-11-18T13:28:30.000-03:00;3401.66;-82.22;Mercado Libre; ;2025-12-16T13:28:21.000-03:00
133730119165;available_money;SETTLEMENT;31660.80;2025-11-18T13:28:21.000-03:00;-7906.89;2025-11-18T13:28:34.000-03:00;23279.00;-474.91;Mercado Libre; ;2025-12-16T13:28:22.000-03:00
133733509579;available_money;SETTLEMENT;67694.16;2025-11-18T13:57:28.000-03:00;-31953.21;2025-11-18T13:57:39.000-03:00;34725.54;-1015.41;Mercado Libre; ;2025-12-16T13:57:29.000-03:00
133734405885;available_money;SETTLEMENT;-4351.56;2025-11-18T14:04:54.000-03:00;0.00;2025-11-18T14:04:54.000-03:00;-4351.56;0.00;Mercado Pago;Checkouts;2025-12-06T14:04:54.000-03:00
134361034998;prepaid_card;SETTLEMENT;16433.72;2025-11-18T16:33:22.000-03:00;-9104.09;2025-11-18T16:33:38.000-03:00;7329.63;0.00;Mercado Libre; ;2025-12-16T16:33:24.000-03:00
133759932301;credit_card;SETTLEMENT;37203.00;2025-11-18T17:49:43.000-03:00;-18644.45;2025-11-18T17:50:33.000-03:00;18000.50;-558.05;Mercado Libre; ;2025-12-16T17:49:45.000-03:00
133773418111;debit_card;SETTLEMENT;17120.92;2025-11-18T19:26:23.000-03:00;-9791.29;2025-11-18T19:26:37.000-03:00;7329.63;0.00;Mercado Libre; ;2025-12-16T19:26:25.000-03:00
134404796906;available_money;SETTLEMENT_SHIPPING;1539.67;2025-11-18T22:18:15.000-03:00;0.00;2025-11-18T22:18:20.000-03:00;1431.89;-107.78;Mercado Libre; ;2025-12-16T22:18:15.000-03:00
134404706086;available_money;SETTLEMENT;10064.93;2025-11-18T22:18:14.000-03:00;-2735.30;2025-11-18T22:18:25.000-03:00;5085.41;-704.55;Mercado Libre; ;2025-12-16T22:18:14.000-03:00
133799753765;available_money;SETTLEMENT;28582.66;2025-11-18T23:35:28.000-03:00;-25756.91;2025-11-18T23:35:37.000-03:00;2825.75;0.00;Mercado Libre; ;2025-12-16T23:35:28.000-03:00
134413940822;prepaid_card;SETTLEMENT;32659.99;2025-11-19T00:36:53.000-03:00;-14331.83;2025-11-19T00:37:04.000-03:00;16041.96;-2286.20;Mercado Libre; ;2025-12-17T00:36:55.000-03:00
133807366525;available_money;SETTLEMENT;10064.93;2025-11-19T02:02:28.000-03:00;-2735.30;2025-11-19T02:02:44.000-03:00;7329.63;0.00;Mercado Libre; ;2025-12-17T02:02:29.000-03:00
1736339147720; ;SETTLEMENT;297.29;2025-11-19T03:22:06.000-03:00;0.00;2025-11-19T03:22:06.000-03:00;297.29;0.00;;;
133825451805;debit_card;SETTLEMENT;33081.08;2025-11-19T07:55:32.000-03:00;-15736.84;2025-11-19T07:56:17.000-03:00;17344.24;0.00;Mercado Libre; ;2025-12-17T07:55:33.000-03:00
134460780242;available_money;SETTLEMENT;-1700.00;2025-11-19T11:31:51.000-03:00;0.00;2025-11-19T11:31:51.000-03:00;-1700.00;0.00;;;2025-11-19T11:31:51.000-03:00
133852063477;available_money;SETTLEMENT;15747.99;2025-11-19T11:55:15.000-03:00;-10358.94;2025-11-19T11:55:26.000-03:00;5152.83;-236.22;Mercado Libre; ;2025-12-17T11:55:16.000-03:00
134483022868;available_money;SETTLEMENT;5032.47;2025-11-19T14:21:27.000-03:00;-1925.15;2025-11-19T14:21:37.000-03:00;3031.83;-75.49;Mercado Libre; ;2025-12-17T14:21:28.000-03:00
134486788584;available_money;SETTLEMENT;10064.94;2025-11-19T14:57:44.000-03:00;-3850.30;2025-11-19T14:57:58.000-03:00;6063.67;-150.97;Mercado Libre; ;2025-12-17T14:57:45.000-03:00
134491751756;available_money;SETTLEMENT_SHIPPING;6148.79;2025-11-19T15:43:56.000-03:00;-6148.79;2025-11-19T15:44:06.000-03:00;0.00;0.00;Mercado Libre; ;2025-11-19T15:45:12.000-03:00
134491860436;available_money;SETTLEMENT;11628.00;2025-11-19T15:43:55.000-03:00;-4101.92;2025-11-19T15:44:07.000-03:00;7526.08;0.00;Mercado Libre; ;2025-12-17T15:43:56.000-03:00
133902554027;bank_transfer;SETTLEMENT;14197.59;2025-11-19T18:42:32.000-03:00;-10109.35;2025-11-19T18:42:54.000-03:00;3875.28;-212.96;Mercado Libre; ;2025-12-17T18:42:44.000-03:00
134520982438;available_money;SETTLEMENT_SHIPPING;6131.27;2025-11-19T19:24:16.000-03:00;0.00;2025-11-19T19:24:20.000-03:00;0.00;-91.97;Mercado Libre; ;2025-11-19T19:34:01.000-03:00
133908672837;available_money;SETTLEMENT;30294.00;2025-11-19T19:24:15.000-03:00;-9476.86;2025-11-19T19:24:24.000-03:00;0.00;-454.41;Mercado Libre; ;2025-11-19T19:34:01.000-03:00
134520916986;available_money;SETTLEMENT;5814.00;2025-11-19T19:24:14.000-03:00;-2050.96;2025-11-19T19:24:24.000-03:00;0.00;-87.21;Mercado Libre; ;2025-11-19T19:34:03.000-03:00
133908672837; ;DISPUTE;-30294.00;2025-11-19T19:34:03.000-03:00;9476.86;2025-11-19T19:34:03.000-03:00;0.00;454.41;Mercado Libre; ;
134520916986; ;DISPUTE;-5814.00;2025-11-19T19:34:04.000-03:00;2050.96;2025-11-19T19:34:04.000-03:00;0.00;87.21;Mercado Libre; ;
134520982438; ;DISPUTE_SHIPPING;-6131.27;2025-11-19T19:34:04.000-03:00;0.00;2025-11-19T19:34:04.000-03:00;0.00;91.97;Mercado Libre; ;
133910074251;available_money;SETTLEMENT_SHIPPING;11520.99;2025-11-19T19:34:39.000-03:00;0.00;2025-11-19T19:34:46.000-03:00;11348.18;-172.81;Mercado Libre; ;2025-12-17T19:34:40.000-03:00
133910072231;available_money;SETTLEMENT;30294.00;2025-11-19T19:34:39.000-03:00;-9476.86;2025-11-19T19:34:49.000-03:00;8841.74;-454.41;Mercado Libre; ;2025-12-17T19:34:39.000-03:00
133927131445;available_money;SETTLEMENT;32380.75;2025-11-19T21:47:36.000-03:00;-8022.79;2025-11-19T21:47:45.000-03:00;24357.96;0.00;Mercado Libre; ;2025-12-17T21:47:37.000-03:00
1736398193976; ;SETTLEMENT;616.26;2025-11-20T04:47:23.000-03:00;0.00;2025-11-20T04:47:23.000-03:00;616.26;0.00;;;
134587334872;available_money;SETTLEMENT;50490.00;2025-11-20T10:06:23.000-03:00;-13748.10;2025-11-20T10:06:34.000-03:00;33207.60;-3534.30;Mercado Libre; ;2025-12-18T10:06:24.000-03:00
133982607037;available_money;SETTLEMENT;25245.00;2025-11-20T11:09:38.000-03:00;-6874.05;2025-11-20T11:09:50.000-03:00;17992.27;-378.68;Mercado Libre; ;2025-12-18T11:09:39.000-03:00
133993610547;available_money;SETTLEMENT;9690.00;2025-11-20T12:29:15.000-03:00;-2674.94;2025-11-20T12:29:23.000-03:00;7015.06;0.00;Mercado Libre; ;2025-12-18T12:29:16.000-03:00
133993567145;available_money;SETTLEMENT;29070.00;2025-11-20T12:29:15.000-03:00;-8024.82;2025-11-20T12:29:23.000-03:00;21045.18;0.00;Mercado Libre; ;2025-12-18T12:29:15.000-03:00
134009547909;available_money;SETTLEMENT;20672.00;2025-11-20T14:43:17.000-03:00;-5557.86;2025-11-20T14:43:28.000-03:00;15114.14;0.00;Mercado Libre; ;2025-12-18T14:43:18.000-03:00
134084951159;credit_card;SETTLEMENT;18246.99;2025-11-21T07:18:02.000-03:00;-10689.92;2025-11-21T07:18:16.000-03:00;7557.07;0.00;Mercado Libre; ;2025-12-19T07:18:04.000-03:00
133536131613; ;DISPUTE_SHIPPING;-1536.82;2025-11-21T10:44:49.000-03:00;1536.82;2025-11-21T10:44:49.000-03:00;0.00;0.00;Mercado Libre; ;
133536330135; ;DISPUTE;-18303.90;2025-11-21T10:44:51.000-03:00;5246.64;2025-11-21T10:44:51.000-03:00;0.00;0.00;Mercado Libre; ;
134166269653;available_money;SETTLEMENT;21398.75;2025-11-21T18:56:04.000-03:00;-5744.86;2025-11-21T18:56:12.000-03:00;15653.89;0.00;Mercado Libre; ;2025-12-19T18:56:05.000-03:00
134847912720; ;PAYOUTS;-850000.00;2025-11-22T11:31:43.000-03:00;0.00;2025-11-22T11:31:43.000-03:00;-850000.00;0.00;;;
134233055671; ;PAYOUTS;-850000.00;2025-11-22T11:33:45.000-03:00;0.00;2025-11-22T11:33:45.000-03:00;-850000.00;0.00;;;
134856284206;available_money;SETTLEMENT;24939.00;2025-11-22T12:26:54.000-03:00;-6314.79;2025-11-22T12:27:05.000-03:00;13754.12;-374.09;Mercado Libre; ;2025-12-20T12:26:55.000-03:00
134242108725;available_money;SETTLEMENT_SHIPPING;4496.00;2025-11-22T12:26:55.000-03:00;0.00;2025-11-22T12:27:09.000-03:00;4428.56;-67.44;Mercado Libre; ;2025-12-20T12:26:56.000-03:00
134856304148;available_money;SETTLEMENT;20672.00;2025-11-22T12:26:55.000-03:00;-5557.86;2025-11-22T12:27:10.000-03:00;14804.06;-310.08;Mercado Libre; ;2025-12-20T12:26:56.000-03:00
134871011002;available_money;SETTLEMENT;9690.00;2025-11-22T14:21:39.000-03:00;-2674.94;2025-11-22T14:21:48.000-03:00;6336.76;-678.30;Mercado Libre; ;2025-12-20T14:21:39.000-03:00
134281413407;available_money;SETTLEMENT;30778.50;2025-11-22T18:08:36.000-03:00;-7764.85;2025-11-22T18:08:44.000-03:00;22551.97;-461.68;Mercado Libre; ;2025-12-20T18:08:37.000-03:00
134281558675;available_money;SETTLEMENT;12597.00;2025-11-22T18:08:35.000-03:00;-3142.92;2025-11-22T18:08:45.000-03:00;9265.12;-188.96;Mercado Libre; ;2025-12-20T18:08:36.000-03:00
134895695462;available_money;SETTLEMENT;21802.50;2025-11-22T18:08:37.000-03:00;-5809.86;2025-11-22T18:08:48.000-03:00;15665.60;-327.04;Mercado Libre; ;2025-12-20T18:08:38.000-03:00
134895640054;available_money;SETTLEMENT;17926.50;2025-11-22T18:08:37.000-03:00;-5185.88;2025-11-22T18:08:48.000-03:00;12471.72;-268.90;Mercado Libre; ;2025-12-20T18:08:37.000-03:00
134900112956;available_money;SETTLEMENT;39729.00;2025-11-22T18:44:04.000-03:00;-11778.73;2025-11-22T18:44:12.000-03:00;27950.27;0.00;Mercado Libre; ;2025-12-20T18:44:05.000-03:00
134294126627;available_money;SETTLEMENT_SHIPPING;11930.99;2025-11-22T19:49:57.000-03:00;0.00;2025-11-22T19:50:03.000-03:00;11752.03;-178.96;Mercado Libre; ;2025-12-20T19:49:57.000-03:00
134293940069;available_money;SETTLEMENT;25194.00;2025-11-22T19:49:56.000-03:00;-6285.84;2025-11-22T19:50:06.000-03:00;6599.26;-377.91;Mercado Libre; ;2025-12-20T19:49:57.000-03:00
134976687926;available_money;SETTLEMENT;63321.60;2025-11-23T13:57:22.000-03:00;-15813.78;2025-11-23T13:57:32.000-03:00;46558.00;-949.82;Mercado Libre; ;2025-12-21T13:57:23.000-03:00
135004506372;credit_card;SETTLEMENT;46412.38;2025-11-23T19:26:27.000-03:00;-19305.97;2025-11-23T19:26:40.000-03:00;26410.22;-696.19;Mercado Libre; ;2025-12-21T19:26:29.000-03:00
134398165733;available_money;SETTLEMENT;37149.49;2025-11-23T20:48:51.000-03:00;-14135.84;2025-11-23T20:48:58.000-03:00;22456.41;-557.24;Mercado Libre; ;2025-12-21T20:48:52.000-03:00
135032247838;available_money;SETTLEMENT;29577.44;2025-11-24T01:56:47.000-03:00;-11249.28;2025-11-24T01:56:54.000-03:00;17884.50;-443.66;Mercado Libre; ;2025-12-22T01:56:47.000-03:00
135038996422;available_money;SETTLEMENT_SHIPPING;8820.99;2025-11-24T05:54:14.000-03:00;-8820.99;2025-11-24T05:54:22.000-03:00;0.00;0.00;Mercado Libre; ;2025-11-24T05:55:29.000-03:00
135038725378;available_money;SETTLEMENT;10064.94;2025-11-24T05:54:14.000-03:00;-3850.30;2025-11-24T05:54:23.000-03:00;6214.64;0.00;Mercado Libre; ;2025-12-22T05:54:14.000-03:00
134452041459;available_money;SETTLEMENT;24939.00;2025-11-24T11:52:57.000-03:00;-6314.79;2025-11-24T11:53:17.000-03:00;18624.21;0.00;Mercado Libre; ;2025-12-22T11:52:58.000-03:00
135078312378;digital_currency;SETTLEMENT;30325.39;2025-11-24T13:25:12.000-03:00;-11954.44;2025-11-24T13:25:22.000-03:00;17916.07;-454.88;Mercado Libre; ;2025-12-22T13:25:13.000-03:00
135098889900;debit_card;SETTLEMENT;41356.92;2025-11-24T16:58:54.000-03:00;-12480.80;2025-11-24T16:59:08.000-03:00;28255.77;-620.35;Mercado Libre; ;2025-12-22T16:58:57.000-03:00
134507022319;credit_card;SETTLEMENT;33081.08;2025-11-24T20:18:07.000-03:00;-15306.79;2025-11-24T20:21:11.000-03:00;17278.07;-496.22;Mercado Libre; ;2025-12-22T20:18:08.000-03:00
1736493070923; ;SETTLEMENT;4181.45;2025-11-25T02:48:54.000-03:00;0.00;2025-11-25T02:48:54.000-03:00;4181.45;0.00;;;
134564395699;available_money;SETTLEMENT;50490.00;2025-11-25T10:27:44.000-03:00;-11923.18;2025-11-25T10:27:53.000-03:00;32809.47;-757.35;Mercado Libre; ;2025-12-23T10:27:44.000-03:00
134594397363;available_money;SETTLEMENT;10883.40;2025-11-25T14:25:17.000-03:00;-2867.06;2025-11-25T14:25:27.000-03:00;1109.71;-761.84;Mercado Libre; ;2025-12-23T14:25:17.000-03:00
134594463021;available_money;SETTLEMENT_SHIPPING;6144.79;2025-11-25T14:25:17.000-03:00;0.00;2025-11-25T14:25:29.000-03:00;5714.65;-430.14;Mercado Libre; ;2025-12-23T14:25:17.000-03:00
134598108465;credit_card;SETTLEMENT;21193.19;2025-11-25T15:00:33.000-03:00;0.00;2025-11-25T15:00:44.000-03:00;20875.29;-317.90;Mercado Libre; ;2025-12-23T15:00:39.000-03:00
135212818820;credit_card;SETTLEMENT;21193.19;2025-11-25T15:00:33.000-03:00;-14436.11;2025-11-25T15:00:50.000-03:00;6439.18;-317.90;Mercado Libre; ;2025-12-23T15:00:39.000-03:00
135222146664;digital_currency;SETTLEMENT;21398.75;2025-11-25T16:27:48.000-03:00;-5744.86;2025-11-25T16:27:58.000-03:00;15332.91;-320.98;Mercado Libre; ;2025-12-23T16:27:49.000-03:00
134621184267;available_money;SETTLEMENT;12597.00;2025-11-25T18:14:11.000-03:00;-3142.92;2025-11-25T18:14:22.000-03:00;9454.08;0.00;Mercado Libre; ;2025-12-23T18:14:12.000-03:00
134621066941;available_money;SETTLEMENT;25194.00;2025-11-25T18:14:10.000-03:00;-6865.84;2025-11-25T18:14:24.000-03:00;18328.16;0.00;Mercado Libre; ;2025-12-23T18:14:11.000-03:00
134629990739;available_money;SETTLEMENT;31615.99;2025-11-25T19:17:43.000-03:00;-13245.04;2025-11-25T19:17:51.000-03:00;17896.71;-474.24;Mercado Libre; ;2025-12-23T19:17:43.000-03:00
1736562762559; ;SETTLEMENT;374.12;2025-11-26T04:12:54.000-03:00;0.00;2025-11-26T04:12:54.000-03:00;374.12;0.00;;;
135291242780;available_money;SETTLEMENT;18075.35;2025-11-26T06:38:13.000-03:00;-5209.85;2025-11-26T06:38:26.000-03:00;12594.37;-271.13;Mercado Libre; ;2025-12-24T06:38:14.000-03:00
135291037702;available_money;SETTLEMENT;26767.23;2025-11-26T06:38:14.000-03:00;-7119.10;2025-11-26T06:38:27.000-03:00;19246.62;-401.51;Mercado Libre; ;2025-12-24T06:38:15.000-03:00
134686655827;credit_card;SETTLEMENT;28582.66;2025-11-26T08:57:54.000-03:00;-25385.34;2025-11-26T08:58:08.000-03:00;2768.58;-428.74;Mercado Libre; ;2025-12-24T08:57:57.000-03:00
134691103875;available_money;SETTLEMENT;13356.90;2025-11-26T09:40:03.000-03:00;-3265.25;2025-11-26T09:40:14.000-03:00;10091.65;0.00;Mercado Libre; ;2025-12-24T09:40:04.000-03:00
135306079526;available_money;SETTLEMENT;7752.00;2025-11-26T09:39:59.000-03:00;-2362.95;2025-11-26T09:40:14.000-03:00;5389.05;0.00;Mercado Libre; ;2025-12-24T09:40:00.000-03:00
135306009990;available_money;SETTLEMENT;17272.94;2025-11-26T09:40:04.000-03:00;-5010.68;2025-11-26T09:40:18.000-03:00;12262.26;0.00;Mercado Libre; ;2025-12-24T09:40:04.000-03:00
134694146921;bank_transfer;SETTLEMENT;18741.79;2025-11-26T10:05:42.000-03:00;-9287.71;2025-11-26T10:06:02.000-03:00;8142.15;-1311.93;Mercado Libre; ;2025-12-24T10:05:53.000-03:00
135320670272;available_money;SETTLEMENT;-274483.74;2025-11-26T11:35:40.000-03:00;0.00;2025-11-26T11:35:41.000-03:00;-276906.16;0.00;Mercado Libre; ;2025-12-24T11:35:41.000-03:00
134739146599;available_money;SETTLEMENT;-2800.00;2025-11-26T16:23:31.000-03:00;0.00;2025-11-26T16:23:31.000-03:00;-2800.00;0.00;;;2025-11-26T16:23:31.000-03:00
135366367392;available_money;SETTLEMENT;20167.22;2025-11-26T18:03:36.000-03:00;-5546.60;2025-11-26T18:03:45.000-03:00;8730.92;-302.51;Mercado Libre; ;2025-12-24T18:03:36.000-03:00
134751205439;available_money;SETTLEMENT_SHIPPING;5587.19;2025-11-26T18:03:36.000-03:00;0.00;2025-11-26T18:03:45.000-03:00;5503.38;-83.81;Mercado Libre; ;2025-12-24T18:03:36.000-03:00
134753616219;available_money;SETTLEMENT;41356.92;2025-11-26T18:20:15.000-03:00;-12480.80;2025-11-26T18:20:26.000-03:00;28255.77;-620.35;Mercado Libre; ;2025-12-24T18:20:15.000-03:00
135385694416;debit_card;SETTLEMENT;31795.97;2025-11-26T20:27:17.000-03:00;-14909.71;2025-11-26T20:27:30.000-03:00;16409.32;-476.94;Mercado Libre; ;2025-12-24T20:27:20.000-03:00
134777021897;available_money;SETTLEMENT;20672.00;2025-11-26T21:21:52.000-03:00;-5557.86;2025-11-26T21:22:08.000-03:00;14804.06;-310.08;Mercado Libre; ;2025-12-24T21:21:53.000-03:00
134781813819;debit_card;SETTLEMENT;31068.79;2025-11-26T22:07:06.000-03:00;-12740.63;2025-11-26T22:07:21.000-03:00;16153.34;-2174.82;Mercado Libre; ;2025-12-24T22:07:08.000-03:00
134782496761;available_money;SETTLEMENT;32381.14;2025-11-26T22:12:52.000-03:00;-12833.47;2025-11-26T22:13:04.000-03:00;19061.95;-485.72;Mercado Libre; ;2025-12-24T22:12:53.000-03:00
135401603422;available_money;SETTLEMENT;19380.00;2025-11-26T23:00:35.000-03:00;-5349.88;2025-11-26T23:00:48.000-03:00;6892.63;-290.70;Mercado Libre; ;2025-12-24T23:00:36.000-03:00
134786342083;available_money;SETTLEMENT_SHIPPING;6846.79;2025-11-26T23:00:36.000-03:00;0.00;2025-11-26T23:00:48.000-03:00;6744.09;-102.70;Mercado Libre; ;2025-12-24T23:00:36.000-03:00
1736625659929; ;SETTLEMENT;360.92;2025-11-27T05:11:12.000-03:00;0.00;2025-11-27T05:11:12.000-03:00;360.92;0.00;;;
135440273764;debit_card;SETTLEMENT;29816.14;2025-11-27T09:50:06.000-03:00;-11487.98;2025-11-27T09:50:15.000-03:00;17880.92;-447.24;Mercado Libre; ;2025-12-25T09:50:08.000-03:00
134840988813;available_money;SETTLEMENT_SHIPPING;1453.98;2025-11-27T11:54:59.000-03:00;0.00;2025-11-27T11:55:42.000-03:00;1432.17;-21.81;Mercado Libre; ;2025-12-25T11:54:59.000-03:00
135456120076;available_money;SETTLEMENT;25245.00;2025-11-27T11:54:58.000-03:00;-6874.05;2025-11-27T11:55:43.000-03:00;17992.27;-378.68;Mercado Libre; ;2025-12-25T11:54:58.000-03:00
134847665721;credit_card;SETTLEMENT;39729.00;2025-11-27T12:45:30.000-03:00;-11778.73;2025-11-27T12:45:46.000-03:00;27354.33;-595.94;Mercado Libre; ;2025-12-25T12:45:32.000-03:00
135477340070;available_money;SETTLEMENT;50388.00;2025-11-27T14:46:37.000-03:00;-13731.68;2025-11-27T14:46:53.000-03:00;33129.16;-3527.16;Mercado Libre; ;2025-12-25T14:46:38.000-03:00
135479872940;available_money;SETTLEMENT;27339.79;2025-11-27T15:09:06.000-03:00;-12566.66;2025-11-27T15:09:14.000-03:00;14363.03;-410.10;Mercado Libre; ;2025-12-25T15:09:07.000-03:00
135481247668;available_money;SETTLEMENT;64761.50;2025-11-27T15:22:49.000-03:00;-16045.58;2025-11-27T15:22:58.000-03:00;47744.50;-971.42;Mercado Libre; ;2025-12-25T15:22:49.000-03:00
135528479772;credit_card;SETTLEMENT;68000.00;2025-11-27T21:30:58.000-03:00;-25781.92;2025-11-27T21:31:16.000-03:00;37458.08;-4760.00;Mercado Libre; ;2025-12-25T21:31:00.000-03:00
135538321872;credit_card;SETTLEMENT;34220.54;2025-11-27T23:10:02.000-03:00;-17266.12;2025-11-27T23:10:17.000-03:00;16441.11;-513.31;Mercado Libre; ;2025-12-25T23:10:04.000-03:00
1736666456470; ;SETTLEMENT;477.22;2025-11-28T02:50:26.000-03:00;0.00;2025-11-28T02:50:26.000-03:00;477.22;0.00;;;
134949189241;credit_card;SETTLEMENT;74558.60;2025-11-28T07:03:27.000-03:00;-17825.75;2025-11-28T07:04:57.000-03:00;55614.47;-1118.38;Mercado Libre; ;2025-12-26T07:03:29.000-03:00
135597706196;available_money;SETTLEMENT;-336000.00;2025-11-28T11:33:10.000-03:00;0.00;2025-11-28T11:33:10.000-03:00;-336000.00;0.00;;;2025-11-28T11:33:10.000-03:00
135611848762;available_money;SETTLEMENT;-2300.00;2025-11-28T12:59:22.000-03:00;0.00;2025-11-28T12:59:23.000-03:00;-2300.00;0.00;;;2025-11-28T12:59:23.000-03:00
135679519686; ;PAYOUTS;-375000.00;2025-11-28T20:31:39.000-03:00;0.00;2025-11-28T20:31:39.000-03:00;-375000.00;0.00;;;
135064143361; ;PAYOUTS;-375000.00;2025-11-28T20:32:43.000-03:00;0.00;2025-11-28T20:32:43.000-03:00;-375000.00;0.00;;;
135727235614;debit_card;SETTLEMENT;85928.20;2025-11-29T08:36:47.000-03:00;-19656.08;2025-11-29T08:37:00.000-03:00;64983.20;-1288.92;Mercado Libre; ;2025-12-27T08:36:49.000-03:00
135123545079;available_money;SETTLEMENT;50490.00;2025-11-29T10:39:45.000-03:00;-13511.08;2025-11-29T10:39:57.000-03:00;36221.57;-757.35;Mercado Libre; ;2025-12-27T10:39:46.000-03:00
135854325120;bank_transfer;SETTLEMENT;66215.00;2025-11-30T06:54:24.000-03:00;-16042.56;2025-11-30T06:54:44.000-03:00;49179.21;-993.23;Mercado Libre; ;2025-12-28T06:54:36.000-03:00
135254596953;credit_card;SETTLEMENT;42797.50;2025-11-30T11:24:52.000-03:00;-12272.71;2025-11-30T11:25:05.000-03:00;29882.83;-641.96;Mercado Libre; ;2025-12-28T11:24:53.000-03:00
1736736334583; ;SETTLEMENT;1222.22;2025-12-01T04:45:02.000-03:00;0.00;2025-12-01T04:45:02.000-03:00;1222.22;0.00;;;
135994382546;available_money;SETTLEMENT;19846.79;2025-12-01T11:22:00.000-03:00;-10230.11;2025-12-01T11:22:10.000-03:00;9616.68;0.00;Mercado Libre; ;2025-12-29T11:22:01.000-03:00
135463374627;debit_card;SETTLEMENT;24487.65;2025-12-01T21:36:48.000-03:00;-6242.13;2025-12-01T21:36:59.000-03:00;17878.21;-367.31;Mercado Libre; ;2025-12-29T21:36:49.000-03:00
136087264776;available_money;SETTLEMENT;-36082.00;2025-12-01T22:48:37.000-03:00;0.00;2025-12-01T22:48:39.000-03:00;-36082.00;0.00;Mercado Libre; ;2025-12-29T22:48:38.000-03:00
136086900096; ;PAYOUTS;-130000.00;2025-12-01T23:08:56.000-03:00;0.00;2025-12-01T23:08:56.000-03:00;-130000.00;0.00;;;
1736795033294; ;SETTLEMENT;136.42;2025-12-02T03:27:24.000-03:00;0.00;2025-12-02T03:27:24.000-03:00;136.42;0.00;;;
136125786522;available_money;SETTLEMENT;12790.80;2025-12-02T09:08:42.000-03:00;-3174.12;2025-12-02T09:09:26.000-03:00;9616.68;0.00;Mercado Libre; ;2025-12-30T09:08:42.000-03:00
135320670272;available_money;REFUND;50000.00;2025-11-26T11:35:40.000-03:00;0.00;2025-12-02T16:17:59.000-03:00;50000.00;0.00;Mercado Libre; ;2025-12-24T11:35:41.000-03:00
136193403888;available_money;SETTLEMENT;14394.12;2025-12-02T18:01:24.000-03:00;-3432.23;2025-12-02T18:01:37.000-03:00;3814.99;-215.91;Mercado Libre; ;2025-12-30T18:01:25.000-03:00
136193469174;available_money;SETTLEMENT_SHIPPING;6930.99;2025-12-02T18:01:25.000-03:00;0.00;2025-12-02T18:01:39.000-03:00;6827.03;-103.96;Mercado Libre; ;2025-12-30T18:01:25.000-03:00
135587466403;available_money;SETTLEMENT;-81831.53;2025-12-02T19:27:37.000-03:00;0.00;2025-12-02T19:27:39.000-03:00;-81831.53;0.00;Mercado Pago;Wallet;2025-12-02T19:27:39.000-03:00
135587859461;available_money;SETTLEMENT;-81831.53;2025-12-02T19:31:14.000-03:00;0.00;2025-12-02T19:31:16.000-03:00;-81831.53;0.00;Mercado Pago;Wallet;2025-12-02T19:31:16.000-03:00
1736869948319; ;SETTLEMENT;129.06;2025-12-03T06:06:24.000-03:00;0.00;2025-12-03T06:06:24.000-03:00;129.06;0.00;;;
135655937435;available_money;SETTLEMENT;10025.92;2025-12-03T10:13:18.000-03:00;-2729.02;2025-12-03T10:13:28.000-03:00;6595.09;-701.81;Mercado Libre; ;2025-12-31T10:13:18.000-03:00
136281015872;available_money;SETTLEMENT;32112.79;2025-12-03T10:50:07.000-03:00;-13867.27;2025-12-03T10:50:15.000-03:00;17763.83;-481.69;Mercado Libre; ;2025-12-31T10:50:08.000-03:00
136285312880;credit_card;SETTLEMENT;33915.00;2025-12-03T11:19:22.000-03:00;-10842.77;2025-12-03T11:19:36.000-03:00;0.00;0.00;Mercado Libre; ;2025-12-03T11:26:06.000-03:00
136285312880; ;DISPUTE;-33915.00;2025-12-03T11:26:08.000-03:00;10842.77;2025-12-03T11:26:08.000-03:00;0.00;0.00;Mercado Libre; ;
135670505651;credit_card;SETTLEMENT;33915.00;2025-12-03T11:59:26.000-03:00;-10842.77;2025-12-03T12:00:18.000-03:00;23072.23;0.00;Mercado Libre; ;2025-12-31T11:59:29.000-03:00
136299361986;available_money;SETTLEMENT;24487.65;2025-12-03T12:56:56.000-03:00;-6242.13;2025-12-03T12:57:07.000-03:00;18245.52;0.00;Mercado Libre; ;2025-12-31T12:56:56.000-03:00
136321877962;available_money;SETTLEMENT;24487.65;2025-12-03T16:02:23.000-03:00;-6242.13;2025-12-03T16:02:34.000-03:00;17878.21;-367.31;Mercado Libre; ;2025-12-31T16:02:24.000-03:00
136329950836;available_money;SETTLEMENT;46996.50;2025-12-03T17:08:08.000-03:00;-13140.70;2025-12-03T17:08:18.000-03:00;33150.85;-704.95;Mercado Libre; ;2025-12-31T17:08:08.000-03:00
135719982413;available_money;SETTLEMENT;10025.92;2025-12-03T18:25:20.000-03:00;-2729.02;2025-12-03T18:25:31.000-03:00;7146.51;-150.39;Mercado Libre; ;2025-12-31T18:25:21.000-03:00
135743324257;available_money;SETTLEMENT;67099.56;2025-12-03T21:08:32.000-03:00;-20001.96;2025-12-03T21:08:40.000-03:00;46091.11;-1006.49;Mercado Libre; ;2025-12-31T21:08:33.000-03:00
135744392381;available_money;SETTLEMENT;12790.80;2025-12-03T21:16:36.000-03:00;-3174.12;2025-12-03T21:16:43.000-03:00;9616.68;0.00;Mercado Libre; ;2025-12-31T21:16:37.000-03:00
135754118357;available_money;SETTLEMENT;48975.30;2025-12-03T22:42:01.000-03:00;-12484.26;2025-12-03T22:42:13.000-03:00;35756.41;-734.63;Mercado Libre; ;2025-12-31T22:42:02.000-03:00
1736909884170; ;SETTLEMENT;62.46;2025-12-04T03:17:21.000-03:00;0.00;2025-12-04T03:17:21.000-03:00;62.46;0.00;;;
136496844338;debit_card;SETTLEMENT;37192.08;2025-12-04T19:13:19.000-03:00;-16719.68;2025-12-04T19:14:03.000-03:00;20472.40;0.00;Mercado Libre; ;2026-01-01T19:13:21.000-03:00
1736968329807; ;SETTLEMENT;90.64;2025-12-05T03:10:23.000-03:00;0.00;2025-12-05T03:10:23.000-03:00;90.64;0.00;;;
135952582313;credit_card;SETTLEMENT;22874.69;2025-12-05T10:13:48.000-03:00;-8914.56;2025-12-05T10:14:00.000-03:00;13960.13;0.00;Mercado Libre; ;2026-01-02T10:13:50.000-03:00
136600898690;available_money;SETTLEMENT;-10000.00;2025-12-05T12:49:25.000-03:00;0.00;2025-12-05T12:49:25.000-03:00;-10000.00;0.00;;;2025-12-05T12:49:25.000-03:00
136621638338;available_money;SETTLEMENT;19588.54;2025-12-05T15:12:12.000-03:00;-8487.49;2025-12-05T15:12:21.000-03:00;9729.85;-1371.20;Mercado Libre; ;2026-01-02T15:12:13.000-03:00
136702859964;available_money;CASHBACK;9101.78;2025-12-06T00:31:12.000-03:00;0.00;2025-12-06T00:31:12.000-03:00;9101.78;0.00;;;2025-12-06T00:31:12.000-03:00
136702863734;available_money;CASHBACK;9101.78;2025-12-06T00:31:10.000-03:00;0.00;2025-12-06T00:31:14.000-03:00;9101.78;0.00;;;2025-12-06T00:31:11.000-03:00
136187247743;credit_card;SETTLEMENT;31349.06;2025-12-06T19:36:04.000-03:00;-15179.99;2025-12-06T19:36:19.000-03:00;16169.07;0.00;Mercado Libre; ;2026-01-03T19:36:07.000-03:00
136223414017; ;PAYOUTS;-286500.00;2025-12-07T01:24:27.000-03:00;0.00;2025-12-07T01:24:27.000-03:00;-286500.00;0.00;;;
136849524120; ;PAYOUTS;-286500.00;2025-12-07T01:25:07.000-03:00;0.00;2025-12-07T01:25:07.000-03:00;-286500.00;0.00;;;
136257292221;credit_card;SETTLEMENT;37733.65;2025-12-07T12:12:03.000-03:00;-16438.35;2025-12-07T12:12:15.000-03:00;20729.30;-566.00;Mercado Libre; ;2026-01-04T12:12:05.000-03:00
136262685971;digital_currency;SETTLEMENT;117572.00;2025-12-07T12:54:05.000-03:00;-24750.23;2025-12-07T12:54:14.000-03:00;92821.77;0.00;Mercado Libre; ;2026-01-04T12:54:06.000-03:00
132899496160; ;DISPUTE;-19081.92;2025-12-07T14:24:42.000-03:00;7406.62;2025-12-07T14:24:42.000-03:00;0.00;428.30;Mercado Libre; ;
132899496160; ;DISPUTE;-7834.92;2025-12-07T14:24:45.000-03:00;0.00;2025-12-07T14:24:45.000-03:00;0.00;0.00;Mercado Libre; ;
132899496160; ;DISPUTE;-1636.36;2025-12-07T14:26:12.000-03:00;0.00;2025-12-07T14:26:12.000-03:00;0.00;0.00;Mercado Libre; ;
136353487245;digital_currency;SETTLEMENT;45293.72;2025-12-08T09:10:59.000-03:00;-14768.93;2025-12-08T09:11:07.000-03:00;30524.79;0.00;Mercado Libre; ;2026-01-05T09:11:00.000-03:00
1737082378382; ;SETTLEMENT;906.15;2025-12-09T06:48:01.000-03:00;0.00;2025-12-09T06:48:01.000-03:00;906.15;0.00;;;
137123876228;digital_currency;SETTLEMENT;35288.60;2025-12-09T10:14:18.000-03:00;-11063.90;2025-12-09T10:14:30.000-03:00;23695.37;-529.33;Mercado Libre; ;2026-01-06T10:14:19.000-03:00
136558699605;available_money;SETTLEMENT;25228.68;2025-12-09T18:04:33.000-03:00;-10201.61;2025-12-09T18:04:43.000-03:00;11411.64;-378.43;Mercado Libre; ;2026-01-06T18:04:34.000-03:00
137187712012;available_money;SETTLEMENT_SHIPPING;3237.00;2025-12-09T18:04:35.000-03:00;0.00;2025-12-09T18:04:44.000-03:00;3188.44;-48.56;Mercado Libre; ;2026-01-06T18:04:35.000-03:00
137187729880;available_money;SETTLEMENT;15093.46;2025-12-09T18:04:34.000-03:00;-6722.15;2025-12-09T18:04:45.000-03:00;8144.91;-226.40;Mercado Libre; ;2026-01-06T18:04:35.000-03:00
136597495341;available_money;SETTLEMENT;19380.00;2025-12-09T22:49:28.000-03:00;-5419.87;2025-12-09T22:49:35.000-03:00;12603.53;-1356.60;Mercado Libre; ;2026-01-06T22:49:29.000-03:00
1737134136414; ;SETTLEMENT;150.19;2025-12-10T04:34:00.000-03:00;0.00;2025-12-10T04:34:00.000-03:00;150.19;0.00;;;
136747041525;available_money;SETTLEMENT;40294.25;2025-12-10T22:16:10.000-03:00;-12061.75;2025-12-10T22:16:31.000-03:00;27628.09;-604.41;Mercado Libre; ;2026-01-07T22:16:11.000-03:00
136761685797;available_money;SETTLEMENT;41666.66;2025-12-11T01:29:28.000-03:00;-12530.67;2025-12-11T01:29:42.000-03:00;29135.99;0.00;Mercado Libre; ;2026-01-08T01:29:29.000-03:00
1737187648991; ;SETTLEMENT;170.91;2025-12-11T03:40:38.000-03:00;0.00;2025-12-11T03:40:38.000-03:00;170.91;0.00;;;
136804404679;available_money;SETTLEMENT;935107.03;2025-12-11T11:06:44.000-03:00;0.00;2025-12-11T11:06:44.000-03:00;935107.03;0.00;;;2025-12-11T11:06:44.000-03:00
1737255813490; ;SETTLEMENT;781.50;2025-12-12T04:46:13.000-03:00;0.00;2025-12-12T04:46:13.000-03:00;781.50;0.00;;;
137602270402;available_money;SETTLEMENT;-615000.00;2025-12-12T13:23:37.000-03:00;0.00;2025-12-12T13:23:37.000-03:00;-615000.00;0.00;;;2025-12-12T13:23:37.000-03:00
137602442454;available_money;SETTLEMENT;-5000.00;2025-12-12T13:24:45.000-03:00;0.00;2025-12-12T13:24:45.000-03:00;-5000.00;0.00;;;2025-12-12T13:24:45.000-03:00
136969159745;available_money;SETTLEMENT;-10000.00;2025-12-12T13:26:09.000-03:00;0.00;2025-12-12T13:26:09.000-03:00;-10000.00;0.00;;;2025-12-12T13:26:09.000-03:00
137645927234;available_money;SETTLEMENT;42797.50;2025-12-12T18:41:25.000-03:00;-12272.71;2025-12-12T18:41:39.000-03:00;29882.83;-641.96;Mercado Libre; ;2026-01-09T18:41:26.000-03:00
137738757428;available_money;SETTLEMENT_SHIPPING;2452.58;2025-12-13T12:46:47.000-03:00;0.00;2025-12-13T12:46:55.000-03:00;2415.79;-36.79;Mercado Libre; ;2026-01-10T12:46:48.000-03:00
137738801040;available_money;SETTLEMENT;19993.70;2025-12-13T12:46:46.000-03:00;-5518.67;2025-12-13T12:46:57.000-03:00;11722.54;-299.91;Mercado Libre; ;2026-01-10T12:46:47.000-03:00
137738912342;available_money;SETTLEMENT;29877.50;2025-12-13T12:46:47.000-03:00;-7619.81;2025-12-13T12:47:00.000-03:00;21809.53;-448.16;Mercado Libre; ;2026-01-10T12:46:48.000-03:00
137753623134;available_money;SETTLEMENT;-100592.00;2025-12-13T14:33:56.000-03:00;0.00;2025-12-13T14:33:58.000-03:00;-100592.00;0.00;Mercado Libre; ;2026-01-10T14:33:57.000-03:00
137140530617;credit_card;SETTLEMENT;68928.20;2025-12-13T17:31:36.000-03:00;-16919.34;2025-12-13T17:31:51.000-03:00;50974.94;-1033.92;Mercado Libre; ;2026-01-10T17:31:38.000-03:00
137258781249;available_money;SETTLEMENT;-112859.12;2025-12-14T18:13:21.000-03:00;0.00;2025-12-14T18:13:22.000-03:00;-114127.20;0.00;Mercado Libre; ;2026-01-11T18:13:22.000-03:00
1737302522831; ;SETTLEMENT;1493.90;2025-12-15T05:29:19.000-03:00;0.00;2025-12-15T05:29:19.000-03:00;1493.90;0.00;;;
137985401628;credit_card;SETTLEMENT;34057.99;2025-12-15T12:13:54.000-03:00;-19013.86;2025-12-15T12:14:07.000-03:00;14533.26;-510.87;Mercado Libre; ;2026-01-12T12:13:56.000-03:00
137358842063;credit_card;SETTLEMENT;42797.50;2025-12-15T13:09:57.000-03:00;-12272.71;2025-12-15T13:10:12.000-03:00;29882.83;-641.96;Mercado Libre; ;2026-01-12T13:09:58.000-03:00
137390908549; ;PAYOUTS;-255157.24;2025-12-15T17:19:30.000-03:00;0.00;2025-12-15T17:19:30.000-03:00;-255157.24;0.00;;;
137443292405;available_money;SETTLEMENT;35853.00;2025-12-16T00:00:34.000-03:00;-11594.76;2025-12-16T00:00:43.000-03:00;24258.24;0.00;Mercado Libre; ;2026-01-13T00:00:35.000-03:00
138079697226;available_money;SETTLEMENT;29612.64;2025-12-16T00:00:33.000-03:00;-7577.17;2025-12-16T00:00:46.000-03:00;22035.47;0.00;Mercado Libre; ;2026-01-13T00:00:34.000-03:00
1737372073006; ;SETTLEMENT;341.36;2025-12-16T05:19:13.000-03:00;0.00;2025-12-16T05:19:13.000-03:00;341.36;0.00;;;
137483344169;credit_card;SETTLEMENT;75866.75;2025-12-16T10:09:38.000-03:00;-18036.34;2025-12-16T10:09:51.000-03:00;56692.41;-1138.00;Mercado Libre; ;2026-01-13T10:09:40.000-03:00
138127068456;credit_card;SETTLEMENT;58378.00;2025-12-16T11:00:32.000-03:00;-16398.43;2025-12-16T11:00:43.000-03:00;41979.57;0.00;Mercado Libre; ;2026-01-13T11:00:34.000-03:00
138129383248;bank_transfer;SETTLEMENT;4724.00;2025-12-16T11:16:44.000-03:00;0.00;2025-12-16T11:16:44.000-03:00;4724.00;0.00;;;2025-12-16T11:16:44.000-03:00
137492727379; ;PAYOUTS;-25000.00;2025-12-16T11:22:44.000-03:00;0.00;2025-12-16T11:22:44.000-03:00;-25000.00;0.00;;;
138146034816;available_money;SETTLEMENT;-72164.00;2025-12-16T13:01:28.000-03:00;0.00;2025-12-16T13:01:29.000-03:00;-72164.00;0.00;Mercado Libre; ;2026-01-13T13:01:29.000-03:00
138182859316;available_money;SETTLEMENT;-7202.42;2025-12-16T17:40:25.000-03:00;0.00;2025-12-16T17:40:25.000-03:00;-7202.42;0.00;Mercado Pago;Checkouts;2026-01-03T17:40:25.000-03:00
138194040168;credit_card;SETTLEMENT;64761.50;2025-12-16T18:52:53.000-03:00;-16986.07;2025-12-16T18:53:08.000-03:00;46804.01;-971.42;Mercado Libre; ;2026-01-13T18:52:55.000-03:00
137595615901;available_money;SETTLEMENT;-3224.96;2025-12-17T00:22:29.000-03:00;0.00;2025-12-17T00:22:29.000-03:00;-3224.96;0.00;;;2025-12-17T00:22:29.000-03:00
138232948804;available_money;SETTLEMENT;-35043.34;2025-12-17T00:22:29.000-03:00;0.00;2025-12-17T00:22:29.000-03:00;-35043.34;0.00;;;2025-12-17T00:22:29.000-03:00
1737435309875; ;SETTLEMENT;284.54;2025-12-17T05:48:07.000-03:00;0.00;2025-12-17T05:48:07.000-03:00;284.54;0.00;;;
137620572907;digital_currency;SETTLEMENT;43089.24;2025-12-17T08:00:56.000-03:00;-14596.97;2025-12-17T08:01:04.000-03:00;28492.27;0.00;Mercado Libre; ;2026-01-14T08:00:56.000-03:00
1737492697550; ;SETTLEMENT;270.58;2025-12-18T05:31:46.000-03:00;0.00;2025-12-18T05:31:46.000-03:00;270.58;0.00;;;
137857169049;credit_card;SETTLEMENT;27150.00;2025-12-18T18:53:20.000-03:00;-2145.87;2025-12-18T18:53:23.000-03:00;25004.13;0.00;Mercado Pago;Link;2025-12-18T18:53:23.000-03:00
137888375425;available_money;SETTLEMENT;-103406.71;2025-12-18T22:31:52.000-03:00;0.00;2025-12-18T22:31:53.000-03:00;-103406.71;0.00;Mercado Pago;Checkouts;2025-12-23T22:31:53.000-03:00
137888670925;available_money;SETTLEMENT;-11650.00;2025-12-18T22:34:04.000-03:00;0.00;2025-12-18T22:34:06.000-03:00;-11650.00;0.00;Mercado Pago;Wallet;2025-12-18T22:34:06.000-03:00
137888782901;available_money;SETTLEMENT;-17780.00;2025-12-18T22:35:03.000-03:00;0.00;2025-12-18T22:35:05.000-03:00;-17780.00;0.00;Mercado Pago;Wallet;2025-12-18T22:35:05.000-03:00
